OverallQual,GrLivArea,TotalBsmtSF,YearRemodAdd,GarageArea,FullBath,KitchenQual,Neighborhood,MSZoning,SalePrice
7,1710,856,2003,548,2,Gd,CollgCr,RL,208500
6,1262,1262,1976,460,2,TA,Veenker,RL,181500
7,1786,920,2002,608,2,Gd,CollgCr,RL,223500
7,1717,756,1970,642,1,Gd,Crawfor,RL,140000
8,2198,1145,2000,836,2,Gd,NoRidge,RL,250000
5,1362,796,1995,480,1,TA,Mitchel,RL,143000
8,1694,1686,2005,636,2,Gd,Somerst,RL,307000
7,2090,1107,1973,484,2,TA,NWAmes,RL,200000
7,1774,952,1950,468,2,TA,OldTown,RM,129900
5,1077,991,1950,205,1,TA,BrkSide,RL,118000
5,1040,1040,1965,384,1,TA,Sawyer,RL,129500
9,2324,1175,2006,736,3,Ex,NridgHt,RL,345000
5,912,912,1962,352,1,TA,Sawyer,RL,144000
7,1494,1494,2007,840,2,Gd,CollgCr,RL,279500
6,1253,1253,1960,352,1,TA,NAmes,RL,157000
7,854,832,2001,576,1,TA,BrkSide,RM,132000
6,1004,1004,1970,480,1,TA,NAmes,RL,149000
4,1296,0,1967,516,2,TA,Sawyer,RL,90000
5,1114,1114,2004,576,1,Gd,SawyerW,RL,159000
5,1339,1029,1965,294,1,TA,NAmes,RL,139000
8,2376,1158,2006,853,3,Gd,NridgHt,RL,325300
7,1108,637,1950,280,1,Gd,IDOTRR,RM,139400
8,1795,1777,2002,534,2,Gd,CollgCr,RL,230000
5,1060,1040,1976,572,1,TA,MeadowV,RM,129900
5,1060,1060,2001,270,1,Gd,Sawyer,RL,154000
8,1600,1566,2007,890,2,Gd,NridgHt,RL,256300
5,900,900,2000,576,1,Gd,NAmes,RL,134800
8,1704,1704,2008,772,2,Gd,NridgHt,RL,306000
5,1600,1484,1997,319,1,TA,NAmes,RL,207500
4,520,520,1950,240,1,Fa,BrkSide,RM,68500
4,1317,649,1950,250,1,TA,IDOTRR,C (all),40000
5,1228,1228,2006,271,1,Gd,Sawyer,RL,149350
8,1234,1234,2007,484,2,Gd,CollgCr,RL,179900
5,1700,1398,1959,447,1,Gd,NAmes,RL,165500
9,1561,1561,2005,556,2,Ex,NridgHt,RL,277500
8,2452,1117,2005,691,3,Gd,NridgHt,RL,309000
5,1097,1097,1995,672,1,TA,CollgCr,RL,145000
5,1297,1297,1990,498,1,TA,NAmes,RL,153000
5,1057,1057,2007,246,1,Gd,NAmes,RL,109000
4,1152,0,1955,0,2,Fa,Edwards,RL,82000
6,1324,1088,1965,440,2,TA,NAmes,RL,160000
5,1328,1350,1959,308,1,TA,Timber,RL,170000
5,884,840,1983,504,1,Gd,SawyerW,RL,144000
5,938,938,1980,308,1,TA,CollgCr,RL,130250
5,1150,1150,1959,300,1,TA,NAmes,RL,141000
9,1752,1752,2005,576,2,Ex,NridgHt,RL,319900
7,2149,1434,2003,670,1,Gd,Mitchel,RL,239686
8,1656,1656,2006,826,2,Gd,Somerst,FV,249700
4,1452,736,2008,0,2,TA,OldTown,RM,113000
5,955,955,1966,386,1,TA,Sawyer,RL,127000
6,1470,794,1997,388,2,TA,Gilbert,RL,177000
6,1176,816,1950,528,1,TA,BrkSide,RM,114500
5,816,816,1963,516,1,TA,IDOTRR,RM,110000
9,1842,1842,1987,894,0,Gd,Veenker,RL,385000
5,1360,384,1955,572,1,TA,NAmes,RL,130000
6,1425,1425,1964,576,2,TA,NAmes,RL,180500
8,1739,970,2000,480,2,Gd,Somerst,FV,172500
7,1720,860,2004,565,2,Gd,CollgCr,RL,196500
10,2945,1410,2006,641,3,Gd,StoneBr,RL,438780
5,780,780,1972,352,1,TA,CollgCr,RL,124900
6,1158,1158,2004,576,1,Gd,SawyerW,RL,158000
5,1111,530,1996,288,1,Fa,IDOTRR,RM,101000
8,1370,1370,2006,484,2,Gd,NridgHt,RL,202500
7,1710,576,1950,480,2,TA,OldTown,RM,140000
7,2034,1057,1998,645,2,Gd,CollgCr,RL,219500
8,2473,1143,2005,852,2,Gd,NridgHt,RL,317000
7,2207,1947,1989,576,2,TA,NAmes,RL,180000
7,1479,1453,2003,558,2,Gd,CollgCr,RL,226000
4,747,747,1950,220,1,TA,OldTown,RM,80000
7,2287,1304,1953,667,2,TA,ClearCr,RL,225000
7,2223,2223,1973,516,2,TA,NAmes,RL,244000
4,845,845,2006,360,1,TA,Mitchel,RL,129500
7,1718,832,1998,427,2,TA,Gilbert,RL,185000
5,1086,1086,2003,490,1,TA,NAmes,RL,144900
3,1605,840,1950,379,2,TA,OldTown,RM,107400
4,988,462,1973,297,1,TA,MeadowV,RM,91000
4,952,952,1956,283,1,TA,NAmes,RL,135750
5,1285,672,2001,240,1,TA,BrkSide,RM,127000
4,1768,1768,1968,0,2,TA,Sawyer,RL,136500
5,1230,440,1981,440,1,TA,OldTown,RM,110000
6,2142,896,1968,509,2,Gd,NAmes,RL,193500
6,1337,1237,1998,405,2,TA,Mitchel,RM,153500
8,1563,1563,2007,758,2,Gd,Somerst,RL,245000
5,1065,1065,1960,461,1,TA,NAmes,RL,126500
7,1474,384,1996,400,2,TA,Gilbert,RL,168500
8,2417,1288,1992,462,2,Gd,NoRidge,RL,260000
6,1560,684,2005,400,2,Gd,Gilbert,RL,174000
6,1224,612,2009,528,2,Gd,Somerst,FV,164500
3,1526,1013,1982,0,1,Fa,IDOTRR,C (all),85000
4,990,990,1995,0,1,TA,CollgCr,RL,123600
4,1040,0,1950,420,1,TA,NAmes,RL,109900
5,1235,1235,1961,480,1,TA,NAmes,RL,98600
5,964,876,2006,432,1,TA,Crawfor,RL,163500
6,2291,1214,1998,506,2,TA,OldTown,C (all),133900
6,1786,824,1997,684,2,Gd,CollgCr,RL,204750
6,1470,680,1993,420,2,TA,Gilbert,RL,185000
7,1588,1588,1999,472,2,Gd,CollgCr,RL,214000
4,960,960,1965,432,1,TA,Edwards,RL,94750
5,835,458,1950,366,1,TA,Edwards,RL,83000
4,1225,950,1959,0,1,TA,NAmes,RL,128950
6,1610,1610,2001,480,2,Gd,NWAmes,RL,205000
6,1732,741,1985,476,2,Gd,SawyerW,RL,178000
5,1535,0,1979,410,2,TA,SawyerW,RL,118964
7,1226,1226,2009,740,2,Gd,CollgCr,RL,198900
7,1818,1040,1950,240,1,TA,IDOTRR,RM,169500
8,1992,1053,2004,648,2,Gd,Somerst,FV,250000
4,1047,641,1995,273,1,TA,OldTown,RM,100000
5,789,789,1950,250,1,TA,OldTown,RM,115000
5,1517,793,2005,0,2,Fa,IDOTRR,RM,115000
6,1844,1844,1977,546,2,TA,NWAmes,RL,190000
6,1855,994,1972,325,2,TA,Edwards,RL,136900
7,1430,384,2000,400,2,TA,Gilbert,RL,180000
7,2696,1264,2007,792,2,Ex,CollgCr,RL,383970
6,2259,1809,1953,450,2,Gd,Crawfor,RL,217000
6,2320,1028,2002,180,2,Gd,Crawfor,RL,259500
6,1458,729,1999,440,2,TA,Somerst,FV,176000
5,1092,1092,1962,288,1,TA,Sawyer,RL,139000
5,1125,1125,2007,430,1,TA,Edwards,RL,155000
7,3222,1673,1990,594,3,Gd,SawyerW,RL,320000
6,1456,728,2006,390,2,Gd,CollgCr,RL,163990
6,988,938,1969,540,1,TA,ClearCr,RL,180000
4,1123,732,1950,264,1,TA,IDOTRR,RM,100000
6,1080,1080,1958,288,1,TA,NAmes,RL,136000
6,1199,1199,1993,530,2,Gd,SawyerW,RL,153900
6,1586,1362,1998,435,2,TA,NWAmes,RL,181000
6,754,520,1982,0,1,TA,IDOTRR,RM,84500
6,958,1078,1976,440,2,TA,NPkVill,RL,128000
5,840,672,1950,0,1,TA,OldTown,RM,87000
6,1348,660,1966,453,1,TA,NAmes,RL,155000
5,1053,1008,1991,750,1,Ex,NAmes,RL,150000
7,2157,924,1966,487,2,Gd,NAmes,RL,226000
6,2054,992,2000,390,2,Gd,Gilbert,RL,244000
5,1327,1063,2002,624,1,Gd,NAmes,RL,150750
8,1296,1267,2002,471,2,Gd,Timber,RL,220000
5,1721,1461,1993,440,2,TA,Sawyer,RL,180000
7,1682,1304,1970,530,2,TA,NWAmes,RL,174000
5,1214,1214,1967,318,2,TA,NAmes,RL,143000
7,1959,1907,1989,766,3,TA,Mitchel,RL,171000
8,1852,1004,2000,660,2,Gd,CollgCr,RL,230000
6,1764,928,1997,470,2,Gd,CollgCr,RL,231500
4,864,864,1971,0,1,TA,NAmes,RL,115000
7,1734,1734,2005,660,2,Gd,CollgCr,RL,260000
5,1385,910,1952,720,2,TA,NAmes,RL,166000
7,1501,1490,1999,577,2,Gd,CollgCr,RL,204000
5,1728,1728,1963,504,2,TA,Sawyer,RM,125000
6,1709,970,2006,380,2,Gd,Edwards,RM,130000
5,875,715,1993,180,1,TA,BrkSide,RM,105000
7,2035,884,2001,434,2,Gd,Gilbert,RL,222500
7,1080,1080,2005,0,1,Gd,SawyerW,RL,141000
5,1344,896,1950,240,1,TA,BrkSide,RM,115000
5,969,969,1975,440,1,TA,CollgCr,RL,122000
8,1710,1710,2008,866,2,Gd,NridgHt,RL,372402
6,1993,825,1971,495,2,TA,NWAmes,RL,190000
6,1252,1602,1975,564,1,TA,ClearCr,RL,235000
6,1200,1200,1950,312,1,TA,OldTown,RM,125000
6,1096,572,1950,0,1,TA,Edwards,RL,79000
5,1040,0,1950,625,1,TA,NAmes,RL,109500
8,1968,774,2010,680,2,Ex,Timber,RL,269500
7,1947,991,2005,678,2,Gd,Somerst,FV,254900
7,2462,1392,2006,576,2,Gd,Gilbert,RL,320000
6,1232,1232,1984,516,2,TA,Veenker,RL,162500
9,2668,1572,2004,726,2,Ex,NridgHt,RL,412500
7,1541,1541,2005,532,2,Gd,NridgHt,RL,220000
4,882,882,1956,0,1,TA,OldTown,RL,103200
6,1616,1149,2004,216,2,Gd,OldTown,RM,152000
5,1355,644,1999,0,2,TA,Edwards,RL,127500
5,1867,1617,1993,303,1,TA,ClearCr,RL,190000
8,2161,1582,2007,789,1,Ex,NridgHt,RL,325624
7,1720,840,2004,440,2,Gd,Gilbert,RL,183500
8,1707,1686,1981,511,2,TA,Timber,RL,228000
5,1382,720,1950,660,1,TA,OldTown,RM,128500
6,1656,1080,1960,528,1,TA,NAmes,RL,215000
7,1767,1064,1987,504,2,Gd,StoneBr,RL,239000
6,1362,1362,1961,504,1,TA,NAmes,RL,163000
6,1651,1606,1986,616,2,TA,Timber,RL,184000
6,2158,1202,2001,576,2,Gd,Edwards,RL,243000
6,2060,1151,1989,521,2,TA,ClearCr,RL,211000
5,1920,1052,1958,451,2,Gd,Sawyer,RL,172500
9,2234,2216,2009,1166,2,Ex,StoneBr,RL,501837
5,968,968,2006,480,1,TA,OldTown,RM,100000
6,1525,756,2000,440,2,Gd,Somerst,FV,177000
7,1802,793,1950,216,1,TA,Crawfor,RL,200100
5,1340,0,2006,252,1,TA,Edwards,RL,120000
7,2082,1362,2003,484,2,Gd,OldTown,RM,200000
5,1252,504,1991,576,1,TA,BrkSide,RL,127000
10,3608,1107,1993,840,2,Ex,OldTown,RM,475000
7,1217,1188,1991,497,2,Gd,Mitchel,RL,173000
5,1656,660,1987,180,2,TA,OldTown,RL,135000
5,1224,1086,1979,528,0,TA,SawyerW,RL,153337
8,1593,1593,2002,682,1,Ex,StoneBr,RL,286000
8,2727,853,1994,440,2,Gd,Crawfor,RL,315000
7,1479,725,2004,484,1,Gd,NAmes,RL,184000
7,1431,1431,1999,666,2,Gd,CollgCr,RL,192000
7,1709,970,2004,380,2,Gd,Edwards,RM,130000
5,864,864,1972,352,1,TA,CollgCr,RL,127000
6,1456,855,1976,440,2,TA,NPkVill,RL,148500
7,1726,1726,2007,786,2,Ex,Somerst,RL,311872
8,3112,1360,1990,795,2,Gd,NAmes,RL,235000
6,2229,755,1950,0,1,TA,OldTown,RM,104000
8,1713,1713,2005,856,2,Ex,NridgHt,RL,274900
4,1121,1121,2004,440,2,TA,Edwards,RM,140000
6,1279,1196,1977,473,2,TA,Mitchel,RL,171500
6,1310,617,1950,398,2,TA,OldTown,RL,112000
6,848,848,2004,420,1,Gd,CollgCr,RM,149000
5,1284,720,1950,240,1,TA,OldTown,RM,110000
7,1442,1424,1990,500,2,TA,Gilbert,RL,180500
5,1696,1140,1962,349,1,TA,Sawyer,RL,143900
4,1100,1100,1960,312,1,TA,NAmes,RL,141000
7,2062,1157,1989,454,2,TA,SawyerW,RL,277000
6,1092,1092,1964,504,1,TA,NAmes,RL,145000
5,864,864,1950,0,1,TA,Edwards,RL,98000
6,1212,1212,2009,460,2,Gd,Edwards,RL,186000
7,1852,900,2009,644,2,Gd,Somerst,FV,252678
5,990,990,1995,576,1,TA,CollgCr,RL,156000
6,1392,689,1977,299,1,TA,CollgCr,RL,161750
5,1236,1070,1996,447,1,Gd,NAmes,RL,134450
7,1436,1436,2004,484,2,Gd,CollgCr,RL,210000
4,1328,686,1950,210,1,TA,OldTown,RM,107000
7,1954,798,2006,431,1,Gd,Crawfor,RL,311500
7,1248,1248,2006,438,2,Gd,Blmngtn,RL,167240
7,1498,1498,2006,675,2,Gd,CollgCr,RL,204900
6,2267,1010,2002,390,2,Gd,Gilbert,RL,200000
6,1552,713,1975,434,2,TA,NWAmes,RL,179900
4,864,864,1971,576,1,TA,NAmes,RL,97000
10,2392,2392,2003,968,2,Ex,NridgHt,RL,386250
5,1302,630,1971,280,2,TA,BrDale,RM,112000
7,2520,1203,1995,721,2,Gd,NoRidge,RL,290000
6,987,483,1970,280,1,TA,BrDale,RM,106000
5,912,912,1967,336,1,TA,Sawyer,RL,125000
7,1555,1373,2006,430,2,Gd,Blmngtn,RL,192500
6,1194,1194,1959,312,1,TA,NAmes,RL,148000
8,2794,1462,1996,810,2,Ex,NoRidge,RL,403000
6,987,483,1972,288,1,TA,BrDale,RM,94500
5,894,894,1976,308,1,TA,CollgCr,RL,128200
6,1960,860,2002,440,2,Gd,Gilbert,RL,216500
6,987,483,1971,264,1,TA,BrDale,RM,89500
7,1414,1414,2004,494,2,Gd,CollgCr,RL,185500
7,1744,996,2003,457,2,Gd,SawyerW,RL,194500
8,1694,1694,2007,818,2,Gd,NridgHt,RL,318000
6,1487,735,1950,220,1,TA,Edwards,RL,113000
8,1566,1566,2008,750,2,Gd,Somerst,FV,262500
5,866,686,1997,0,1,Gd,OldTown,RM,110500
5,1440,540,1950,352,1,TA,OldTown,RM,79000
6,1217,626,1980,288,1,TA,SawyerW,RL,120000
7,2110,948,2002,463,2,Gd,SawyerW,RL,205000
7,1872,1845,1988,604,2,TA,NWAmes,RL,241500
6,1928,1020,1950,440,2,Fa,OldTown,RM,137000
6,1375,1367,1954,451,1,TA,NAmes,RL,140000
7,1668,840,2003,500,2,Gd,CollgCr,RL,180000
6,2144,1444,2006,389,2,Gd,ClearCr,RL,277000
3,1306,728,1966,0,1,Fa,BrkSide,RL,76500
8,1625,1573,2007,538,2,Gd,Crawfor,RM,235000
6,1640,798,2004,520,2,Gd,SawyerW,RL,173000
6,1302,1302,1991,309,2,Gd,NAmes,RL,158000
5,1314,1314,1957,294,1,TA,NAmes,RL,145000
7,2291,975,1999,429,2,Gd,Gilbert,RL,230000
6,1728,864,2003,673,2,Gd,Somerst,FV,207500
7,1604,1604,2006,660,2,Gd,CollgCr,RL,220000
7,1792,963,2001,564,2,Gd,CollgCr,RL,231500
5,882,0,1956,308,1,TA,OldTown,RM,97000
6,1382,1362,1962,884,1,TA,NAmes,RL,176000
8,2574,1482,2007,868,2,Ex,CollgCr,RL,276000
6,1212,506,1995,492,1,TA,Sawyer,RL,151000
5,1316,926,2001,484,1,TA,OldTown,RM,130000
5,764,680,2004,504,1,TA,OldTown,RM,73000
6,1422,1422,1981,576,2,Gd,NWAmes,RL,175500
6,1511,802,1997,413,2,TA,Gilbert,RL,185000
5,2192,720,1997,240,2,Gd,SWISU,RL,179500
5,778,740,1955,924,1,TA,IDOTRR,RM,120500
6,1113,1143,1976,504,1,TA,Edwards,RL,148000
8,1939,1095,2006,1053,2,Gd,Somerst,FV,266000
7,1363,1385,2005,439,1,TA,ClearCr,RL,241500
8,2270,1152,2007,671,2,Gd,NoRidge,RL,290000
6,1632,1240,1988,338,2,TA,NAmes,RL,139000
5,816,816,1982,264,1,TA,Mitchel,RL,124500
7,1548,952,2007,672,2,Ex,BrkSide,RL,205000
7,1560,1560,2003,573,2,Gd,Mitchel,RL,201000
4,864,864,1951,400,1,TA,Gilbert,RL,141000
9,2121,2121,2007,732,2,Ex,NridgHt,RL,415298
7,2022,1160,1977,505,2,TA,ClearCr,RL,192000
7,1982,807,1989,575,2,Gd,SawyerW,RL,228500
6,1262,1262,2006,572,2,Gd,Somerst,FV,185000
7,1314,1314,2008,626,2,Gd,NridgHt,RL,207500
8,1468,1468,2009,898,2,Gd,Somerst,RL,244600
6,1575,1575,1992,529,2,Gd,SawyerW,RL,179200
7,1250,625,2007,528,2,Gd,Somerst,FV,164700
6,1734,912,1981,440,1,Gd,NAmes,RL,159000
4,858,858,1971,0,1,TA,NAmes,RL,88000
5,900,882,1967,280,1,TA,Sawyer,RL,122000
6,1396,698,2003,384,1,TA,BrkSide,RL,153575
8,1919,1079,2006,685,2,Gd,CollgCr,RL,233230
5,1716,780,2000,0,2,Fa,SWISU,RL,135900
5,1716,768,2008,281,1,TA,Edwards,RL,131000
7,2263,795,1994,539,2,Gd,NWAmes,RL,235000
6,1644,1416,1953,418,1,TA,NAmes,RL,167000
6,1003,1003,1984,588,1,TA,Mitchel,RL,142500
5,1558,910,1950,282,1,TA,IDOTRR,RM,152000
7,1950,975,1998,576,2,Gd,Somerst,FV,239000
6,1743,702,1968,539,1,TA,NWAmes,RL,175000
6,1152,1092,2004,300,1,Gd,Crawfor,RL,158500
5,1336,1165,1953,375,1,TA,Crawfor,RL,157000
8,2452,1028,1999,683,2,Gd,CollgCr,RL,267000
7,1541,1541,2002,843,2,Gd,CollgCr,RL,205000
5,894,894,1972,552,1,TA,CollgCr,RL,149900
7,3493,1470,2002,870,3,Gd,OldTown,RM,295000
8,2000,2000,2005,888,2,Gd,CollgCr,RL,305900
7,2243,700,1991,746,2,Gd,SawyerW,RL,225000
6,1406,319,1950,0,1,Fa,IDOTRR,RM,89500
4,861,861,1950,539,1,TA,Edwards,RL,82500
9,1944,1896,2004,708,2,Ex,NridgHt,RL,360000
6,1501,697,1994,420,2,Gd,Gilbert,RL,165600
6,972,972,2002,240,1,TA,NAmes,RL,132000
5,1118,793,1950,410,1,TA,OldTown,RM,119900
7,2036,2136,1965,513,2,TA,Timber,RL,375000
7,1641,728,1990,546,1,Ex,OldTown,RM,178000
7,1432,716,2005,432,2,Gd,Gilbert,RL,188500
7,2353,845,1980,484,2,Ex,NWAmes,RL,260000
8,1959,1088,2006,1025,2,Gd,Somerst,FV,270000
7,2646,1347,1993,656,2,Gd,NoRidge,RL,260000
7,1472,1372,1980,588,2,TA,NWAmes,RL,187500
9,2596,1249,2006,840,3,Gd,NridgHt,RL,342643
8,2468,1136,2004,872,2,Gd,NridgHt,RL,354000
7,2730,1502,1987,576,2,Gd,SawyerW,RL,301000
3,1163,1162,2005,220,1,TA,OldTown,RM,126175
7,2978,710,2007,564,2,Gd,NAmes,RL,242000
5,803,720,1950,360,1,TA,IDOTRR,RM,87000
8,1719,1719,1993,473,1,Gd,Veenker,RL,324000
6,1383,1383,1960,292,1,TA,NAmes,RL,145250
6,2134,844,1994,441,2,Gd,BrkSide,RL,214500
5,1192,596,1950,189,1,TA,IDOTRR,RM,78000
5,1728,1728,1964,352,2,TA,NAmes,RL,119000
5,1056,1056,1992,308,1,TA,NAmes,RL,139000
8,1629,3206,2004,880,2,Gd,NridgHt,RL,284000
7,1358,1358,2004,484,2,Gd,NridgHt,RM,207000
6,1638,943,1998,472,2,TA,Gilbert,RL,192000
5,1786,1499,1965,529,2,TA,Timber,RL,228950
9,1922,1922,2006,676,2,Gd,StoneBr,RL,377426
7,1536,1536,2003,532,2,Gd,CollgCr,RL,214000
7,1621,1208,1998,440,2,Gd,NWAmes,RL,202500
6,1215,1215,1998,297,1,TA,NAmes,RL,155000
8,1908,967,2002,431,2,Gd,Timber,RL,202900
4,841,721,1950,294,1,TA,SawyerW,RH,82000
3,1040,0,1950,400,2,TA,NAmes,RL,87500
9,1684,1684,2005,564,2,Ex,NridgHt,RL,266000
5,1112,536,1976,336,1,TA,MeadowV,RM,85000
6,1577,972,1950,312,1,Fa,BrkSide,RL,140200
6,958,958,1998,301,1,TA,NAmes,RL,151500
6,1478,1478,1960,498,2,TA,NAmes,RL,157500
7,1626,764,2004,474,2,Gd,NridgHt,RL,154000
9,2728,1848,2006,706,2,Ex,NridgHt,RL,437154
9,1869,1869,2007,617,2,Ex,NridgHt,RL,318061
7,1453,1453,1986,445,1,Gd,ClearCr,RL,190000
5,1111,616,1950,200,1,TA,Edwards,RL,95000
6,720,624,2003,484,1,TA,OldTown,RM,105900
6,1595,940,2000,240,1,TA,SWISU,RL,140000
6,1200,1200,1995,521,2,Gd,CollgCr,RL,177500
6,1167,1158,1992,400,2,Gd,Gilbert,RL,173000
5,1142,1142,1976,528,1,TA,MeadowV,RM,134000
5,1352,1062,1958,288,1,Gd,ClearCr,RL,130000
8,1924,1086,1998,592,2,Gd,NoRidge,RL,280000
6,912,888,1978,470,1,TA,Mitchel,RL,156000
5,1505,883,1982,240,1,TA,BrkSide,RL,145000
7,1922,0,2003,672,3,Gd,Edwards,RL,198500
6,987,483,2007,264,1,Gd,BrDale,RM,118000
6,1574,796,1976,566,2,TA,NWAmes,RL,190000
5,1344,672,1997,468,1,TA,IDOTRR,RM,147000
6,1394,1394,1963,514,1,TA,NAmes,RL,159000
6,1431,1099,1962,296,1,TA,NAmes,RL,165000
5,1268,1268,1954,244,1,TA,NAmes,RL,132000
5,1287,1063,2006,576,1,Gd,NAmes,RL,162000
6,1664,953,2000,460,2,TA,Gilbert,RL,172400
4,1588,0,1959,680,2,TA,ClearCr,RL,134432
6,752,744,1984,264,1,TA,SawyerW,RL,125000
5,1319,608,1953,270,1,TA,NAmes,RL,123000
7,1928,847,2004,434,2,Gd,CollgCr,RL,219500
1,904,683,1950,0,0,Fa,Edwards,RL,61000
5,914,870,1996,576,1,TA,CollgCr,RL,148000
8,2466,1580,2005,610,3,Gd,Somerst,FV,340000
9,1856,1856,2010,834,1,Ex,StoneBr,RL,394432
6,1800,982,2000,463,2,TA,Gilbert,RL,179000
5,1691,1026,1950,308,2,Gd,SWISU,RL,127000
7,1301,1293,2006,572,2,Gd,Somerst,FV,187750
7,1797,939,2006,639,2,Gd,CollgCr,RL,213500
6,784,784,1950,360,1,TA,SawyerW,RH,76000
6,1953,1580,1992,501,2,Gd,ClearCr,RL,240000
8,1269,1256,2005,430,2,Gd,Blmngtn,RL,192000
5,1184,658,1996,0,1,TA,Edwards,RL,81000
6,1125,1041,1976,352,1,TA,Edwards,RL,125000
7,1479,1468,2000,577,2,Gd,CollgCr,RL,191000
10,2332,1682,2008,846,2,Ex,NridgHt,RL,426000
5,1367,861,1950,384,1,TA,Edwards,RL,119000
6,1961,804,2002,560,2,Gd,Mitchel,RL,215000
5,882,0,1959,294,1,TA,NAmes,RL,106500
4,788,788,1950,0,1,TA,BrkSide,RL,100000
5,1034,735,1950,240,1,TA,OldTown,RL,109000
5,1144,1144,1956,596,1,TA,Edwards,RL,129000
5,894,894,1972,600,1,TA,CollgCr,RL,123000
5,1812,864,1962,264,2,TA,NAmes,RL,169500
5,1077,961,1950,338,1,TA,IDOTRR,RM,67000
7,1550,1092,2007,438,2,Gd,Somerst,FV,241000
8,1288,1260,1996,500,1,Ex,Veenker,RL,245500
7,1310,1310,2005,400,2,Gd,CollgCr,RL,164990
5,672,672,1997,240,1,TA,Sawyer,RL,108000
8,2263,1141,1998,420,2,Gd,NoRidge,RL,258000
6,1572,806,1996,373,2,TA,Gilbert,RL,168000
4,1620,1281,1993,490,2,TA,Sawyer,RL,150000
6,1639,1064,1950,240,1,TA,SWISU,RL,115000
6,1680,840,1976,308,2,TA,Crawfor,RL,177000
7,2172,1063,2006,947,2,Gd,NridgHt,RL,280000
8,2078,1034,2008,836,2,Ex,Somerst,FV,339750
5,1276,1276,1958,350,1,TA,Edwards,RL,60000
5,1056,1056,1955,572,1,TA,Gilbert,RL,145000
7,1478,1470,2009,484,2,Gd,Somerst,FV,222000
5,1028,1008,1950,360,1,TA,OldTown,RM,115000
7,2097,1080,1993,678,2,Gd,SawyerW,RL,228000
7,1340,1340,2007,396,2,Gd,Gilbert,RL,181134
6,1400,672,1978,440,1,TA,Sawyer,RL,149500
6,2624,1370,1950,864,2,TA,Crawfor,RL,239000
5,1134,756,1950,240,1,TA,Edwards,RL,126000
5,1056,1056,1968,304,1,TA,NAmes,RL,142000
7,1344,1344,1998,784,2,TA,Mitchel,RM,206300
6,1602,1602,2000,529,2,Gd,NWAmes,RL,215000
5,988,988,1954,520,1,TA,Mitchel,RL,113000
8,2630,1470,1998,696,2,Gd,NoRidge,RL,315000
6,1196,1196,1956,297,1,TA,NAmes,RL,139000
7,1389,651,1992,240,1,TA,OldTown,RM,135000
7,1644,1518,1989,569,2,Gd,SawyerW,RL,275000
4,907,907,1957,352,1,TA,NAmes,RL,109008
7,1208,1208,2007,628,2,Gd,CollgCr,RL,195400
6,1412,1392,1988,576,2,Gd,Timber,RL,175000
6,987,483,1971,264,1,TA,BrDale,RM,85400
6,1198,901,1998,0,1,TA,OldTown,RM,79900
5,1365,765,1971,440,1,TA,BrDale,RM,122500
6,1604,926,1998,470,2,TA,Gilbert,RL,181000
4,630,630,1972,0,1,TA,MeadowV,RM,81000
7,1661,799,1996,550,2,Gd,CollgCr,RL,212000
6,1118,648,1950,440,1,TA,OldTown,RM,116000
6,904,884,2004,180,1,TA,BrkSide,RM,119000
5,694,440,2002,352,1,Gd,Crawfor,RL,90350
6,1196,684,2000,528,1,Gd,Edwards,RL,110000
10,2402,3094,2008,672,2,Ex,NridgHt,RL,555000
4,1440,1440,1955,0,2,Fa,Edwards,RL,118000
5,1573,1078,1992,360,2,TA,BrkSide,RM,162900
7,1258,1258,2007,648,2,Gd,Blmngtn,RL,172500
7,1908,915,1995,493,2,Gd,CollgCr,RL,210000
6,1689,1436,1956,480,1,TA,Edwards,RL,127500
6,1888,1517,2002,578,2,Gd,NAmes,RL,190000
7,1886,930,1999,431,2,Gd,Gilbert,RL,199900
6,1376,780,1950,198,2,TA,IDOTRR,RM,119500
3,1183,649,2002,308,1,TA,OldTown,RM,120000
6,813,813,2005,270,1,Gd,OldTown,RM,110000
7,1533,1533,1975,576,2,Gd,ClearCr,RL,280000
6,1756,872,1997,422,2,TA,Timber,RL,204000
8,1590,768,2008,676,2,Gd,Somerst,FV,210000
5,1728,1728,1976,560,2,TA,Mitchel,RL,188000
7,1242,1242,1973,528,1,TA,NWAmes,RL,175500
5,1344,624,1950,513,1,TA,OldTown,RM,98000
4,1663,1364,1994,529,1,Gd,ClearCr,RL,256000
8,1666,588,1996,228,1,Gd,OldTown,RM,161000
5,1203,709,1950,352,1,Gd,BrkSide,RL,110000
8,1935,832,2009,552,2,TA,Somerst,FV,263435
7,1135,560,2007,576,1,Gd,SWISU,RL,155000
5,864,864,1965,360,1,TA,Sawyer,RL,62383
6,1660,715,1995,240,1,TA,Crawfor,RL,188700
5,1040,1040,1978,0,2,TA,CollgCr,RL,124000
7,1414,1375,2004,398,2,Gd,Blmngtn,RM,178740
7,1277,1277,1970,526,1,TA,NAmes,RL,167000
5,1644,728,1995,312,1,Gd,NAmes,RL,146500
8,1634,1626,2006,866,2,Gd,NridgHt,RL,250000
6,1710,832,1993,506,2,Gd,SawyerW,RL,187000
8,1502,1488,1985,528,1,Gd,StoneBr,RL,212000
7,1969,808,1977,534,2,TA,NWAmes,RL,190000
6,1072,547,2005,525,1,TA,Edwards,RM,148000
8,1976,1976,2007,908,2,Gd,NridgHt,RL,440000
8,1652,1494,2000,499,2,Ex,StoneBr,RL,251000
5,970,970,1963,624,1,TA,Sawyer,RL,132500
6,1493,1478,1998,508,2,Gd,CollgCr,RL,208900
9,2643,2153,2006,694,2,Ex,NridgHt,RL,380000
8,1718,1705,2008,826,2,Gd,CollgCr,RL,297000
4,1131,907,2000,672,1,TA,OldTown,RM,89471
9,1850,1833,2005,772,2,Gd,NridgHt,RL,326000
9,1792,1792,2004,874,2,Ex,NridgHt,RL,374000
7,1826,910,2005,164,1,Ex,OldTown,RM,155000
6,1216,1216,1998,402,2,TA,Mitchel,RM,164000
5,999,999,2001,264,1,Gd,Sawyer,RL,132500
5,1113,1113,2007,264,1,Gd,NAmes,RL,147000
5,1073,1073,1965,515,1,TA,NAmes,RL,156000
5,1484,1484,1971,487,2,TA,NWAmes,RL,175000
5,2414,954,1970,520,2,TA,OldTown,RL,160000
4,630,630,2002,286,1,Gd,MeadowV,RM,86000
5,1304,264,1976,336,1,TA,MeadowV,RM,115000
6,1578,806,1950,240,1,Fa,NAmes,RL,133000
6,1456,728,2006,429,2,TA,Gilbert,RL,172785
5,1269,1269,1960,308,1,TA,NAmes,RL,155000
5,886,190,1996,273,1,TA,OldTown,RM,91300
4,720,720,1950,0,1,TA,IDOTRR,C (all),34900
8,3228,3200,1993,546,3,Gd,NoRidge,RL,430000
7,1820,1026,1950,240,2,TA,BrkSide,RL,184000
5,899,864,2004,288,1,Gd,Sawyer,RL,130000
5,912,912,1985,297,1,TA,NAmes,RL,120000
6,1218,672,1973,264,1,TA,BrDale,RM,113000
7,1768,866,2005,603,2,Gd,Somerst,FV,226700
5,1214,1214,1965,461,1,TA,Edwards,RL,140000
7,1801,1501,1997,484,2,TA,Crawfor,RL,289000
6,1322,855,1974,440,2,TA,NPkVill,RL,147000
5,1960,960,1952,400,2,TA,OldTown,RM,124500
8,1911,777,1994,471,2,Gd,SawyerW,RL,215000
6,1218,1218,2009,676,2,Gd,Somerst,FV,208300
7,1378,689,2005,360,2,Gd,OldTown,RM,161000
5,1041,1041,1959,270,1,TA,NAmes,RL,124500
5,1363,1008,2000,288,1,TA,NAmes,RL,164900
7,1368,1368,2006,474,2,Gd,NridgHt,RL,202665
5,864,864,1958,624,1,TA,NAmes,RL,129900
6,1080,1084,1983,484,1,TA,Mitchel,RL,134000
5,789,768,1950,200,1,TA,Crawfor,RL,96500
10,2020,2006,2009,900,2,Ex,NridgHt,RL,402861
6,2119,689,1972,583,2,TA,NWAmes,RL,158000
7,2344,1264,1997,889,2,Gd,NoRidge,RL,265000
6,1796,794,1998,546,2,TA,CollgCr,RL,211000
7,2080,1276,2004,282,1,Gd,Crawfor,RL,234000
4,1294,0,2000,0,2,TA,OldTown,RL,106250
6,1244,1244,1957,336,1,TA,NAmes,RL,150000
6,1664,1004,1950,420,2,TA,BrkSide,RM,159000
10,4676,3138,2008,884,3,Ex,Edwards,RL,184750
7,2398,1379,1997,834,2,Gd,NoRidge,RL,315750
7,1266,1257,2005,453,2,Gd,Somerst,FV,176000
5,928,928,2000,252,1,TA,NAmes,RL,132000
9,2713,1452,2008,858,2,Ex,NridgHt,RL,446261
4,605,528,2002,0,1,TA,Edwards,RL,86000
6,2515,2035,1975,484,3,TA,Crawfor,RL,200624
6,1509,1461,1989,600,2,Gd,Timber,RL,175000
6,1362,611,1999,502,2,TA,BrkSide,RM,128000
5,827,0,2007,392,1,TA,NAmes,RL,107500
1,334,0,1950,0,1,Fa,BrkSide,RL,39300
8,1414,707,2004,403,2,Gd,Gilbert,RL,178000
5,1347,1117,1991,0,1,TA,Edwards,RL,107500
7,1724,880,1999,527,2,Gd,CollgCr,RL,188000
4,864,864,1972,576,1,TA,NAmes,RL,111250
5,1159,1051,1968,336,1,TA,Sawyer,RL,158000
8,1601,1581,2002,670,2,Gd,CollgCr,RL,272000
9,1838,1838,2006,765,2,Ex,Timber,RL,315000
8,2285,969,2000,648,2,Gd,NoRidge,RL,248000
7,1680,1650,1999,583,2,Gd,NWAmes,RL,213250
7,767,723,1998,367,1,TA,NAmes,RH,133000
7,1496,654,2006,426,2,Gd,Gilbert,RL,179665
7,2183,1204,1988,786,2,Gd,NWAmes,RL,229000
6,1635,1065,1950,440,1,TA,BrkSide,RL,210000
5,768,768,1970,624,1,TA,Mitchel,RL,129500
5,825,825,1995,720,1,TA,OldTown,RM,125000
7,2094,912,2004,615,2,Gd,Somerst,FV,263000
6,1069,1069,1977,440,2,TA,NPkVill,RL,140000
5,928,928,1957,288,1,TA,OldTown,RM,112500
8,1717,1709,2006,908,2,Gd,NridgHt,RL,255500
4,1126,0,2003,520,2,Gd,Edwards,RL,108000
7,2046,998,2004,871,2,Gd,NridgHt,RL,284000
5,1048,993,1950,280,1,TA,BrkSide,RM,113000
5,1092,1092,1957,299,1,TA,NAmes,RL,141000
4,1336,637,1950,570,1,TA,IDOTRR,C (all),108000
7,1446,729,1997,406,2,TA,Gilbert,RL,175000
7,1557,1374,2004,420,2,Gd,Blmngtn,RL,234000
5,1392,1392,1996,528,1,TA,Sawyer,RL,121500
5,1389,1389,1975,418,1,TA,Mitchel,RL,170000
5,996,996,1969,0,1,TA,Edwards,RL,108000
6,1674,1163,1950,396,2,TA,Edwards,RL,185000
7,2295,1095,2000,590,2,Gd,NoRidge,RL,268000
6,1647,806,1950,216,1,Fa,SWISU,RL,128000
9,2504,1122,2007,656,2,Ex,StoneBr,RL,325000
7,1535,1517,2004,532,2,Gd,NridgHt,RL,214000
8,2132,1496,2009,612,1,Gd,SawyerW,RL,316600
5,943,943,1979,600,1,TA,NAmes,RL,135960
5,1728,1728,1965,576,2,TA,NAmes,RL,142600
6,864,864,1959,288,1,Gd,NAmes,RL,120000
7,1692,846,2009,650,2,Gd,Timber,RL,224500
7,1430,384,2000,400,2,TA,Gilbert,RL,170000
5,1109,372,2005,288,1,TA,NAmes,RL,139000
5,1216,832,1950,336,1,TA,NAmes,RL,118500
7,1477,861,1950,216,2,TA,SWISU,RL,145000
5,1320,1164,1966,564,1,TA,Sawyer,RL,164500
7,1392,689,2007,540,2,Gd,Somerst,FV,146000
5,1795,1050,1954,352,2,TA,OldTown,RM,131500
6,1429,1144,1987,572,1,Gd,NAmes,RL,181900
8,2042,2042,2009,1390,2,Ex,NridgHt,RL,253293
6,816,816,1990,0,1,TA,Edwards,RL,118500
10,2775,1237,2000,880,3,Gd,OldTown,RM,325000
4,1573,884,1995,240,1,Gd,BrkSide,RM,133000
8,2028,1868,2006,880,2,Gd,Timber,RL,369900
6,838,816,2000,275,1,Fa,BrkSide,RL,130000
5,860,840,1982,528,1,TA,Sawyer,RL,137000
5,1473,1437,2003,452,1,Ex,ClearCr,RL,143000
5,935,742,1960,308,1,TA,BrkSide,RM,79500
7,1582,770,2004,520,2,Gd,CollgCr,RL,185900
10,2296,1722,2008,842,2,Ex,NridgHt,RL,451950
5,816,816,2003,816,1,TA,Mitchel,RL,138000
6,848,848,2003,420,1,Gd,CollgCr,RM,140000
5,924,924,1975,280,1,TA,CollgCr,RL,110000
8,1826,1814,2006,758,2,Gd,StoneBr,RL,319000
6,1368,684,1993,216,1,TA,OldTown,RM,114504
7,1402,1258,2007,648,0,Gd,Blmngtn,RL,194201
5,1647,1430,1977,621,2,Gd,Crawfor,RL,217500
6,1556,716,1980,452,2,TA,Blueste,RM,151000
8,1904,1058,2005,736,2,Ex,NridgHt,RL,275000
6,1375,780,1950,544,1,Gd,IDOTRR,RM,141000
8,1915,908,1992,506,2,Gd,SawyerW,RL,220000
7,1200,600,2005,480,2,Gd,Somerst,FV,151000
7,1494,1494,2002,530,2,Gd,CollgCr,RL,221000
7,1986,768,1990,486,2,TA,NAmes,RL,205000
5,1040,1040,1996,576,1,Gd,CollgCr,RL,152000
5,2008,896,2002,230,3,Ex,Edwards,RL,225000
8,3194,965,1998,380,2,TA,Crawfor,RL,359100
4,1029,1029,1961,261,1,TA,Sawyer,RL,118500
9,2153,1440,2000,736,2,Ex,CollgCr,RL,313000
6,1032,1032,1978,564,2,TA,NWAmes,RL,148000
8,1872,1299,2001,531,2,Ex,CollgCr,RL,261500
5,1120,1120,2007,0,1,TA,Mitchel,RL,147000
4,630,630,1972,0,1,TA,MeadowV,RM,75500
6,1054,936,1963,480,1,Gd,NAmes,RL,137500
6,1509,783,2003,393,2,Gd,Gilbert,RL,183200
6,832,832,1954,528,1,Gd,NAmes,RL,105500
9,1828,1822,2007,774,2,Gd,NridgHt,RL,314813
8,2262,1482,2003,749,2,Gd,Timber,RL,305000
3,864,864,1950,0,1,TA,Edwards,RL,67000
6,2614,1522,1997,624,2,TA,NWAmes,RL,240000
5,980,980,1977,484,1,TA,Sawyer,RL,135000
6,1512,756,2000,440,2,Gd,Somerst,FV,168500
6,1790,732,1972,484,1,TA,NWAmes,RL,165150
6,1116,1116,1962,440,1,TA,NAmes,RL,160000
5,1422,978,1978,286,1,TA,NAmes,RL,139900
6,1520,1156,1972,364,1,TA,NAmes,RL,153000
5,2080,1040,1969,504,1,Fa,NAmes,RL,135000
6,1350,1248,1964,520,1,TA,NAmes,RL,168500
5,1750,636,1991,240,1,Ex,OldTown,RM,124000
8,1554,1554,2006,627,2,Gd,NridgHt,RL,209500
7,1411,1386,1977,544,2,TA,NWAmes,RL,82500
5,1056,1056,2005,260,1,TA,NAmes,RL,139400
6,1056,1056,1980,576,0,TA,OldTown,RL,144000
6,3395,1440,1995,0,2,Fa,SWISU,RH,200000
2,800,264,1950,0,1,Fa,BrkSide,RM,60000
5,1387,811,1954,256,2,Gd,OldTown,RM,93000
5,796,796,1950,0,1,TA,Edwards,RL,85000
8,1567,1520,2006,648,2,Ex,Blmngtn,RL,264561
8,1518,1518,2004,588,1,Ex,NridgHt,RL,274000
7,1929,1057,2001,650,2,Gd,Somerst,FV,226000
8,2704,1952,1995,538,2,Ex,NAmes,RL,345000
5,1620,780,1969,462,2,TA,NWAmes,RL,152000
9,1766,1766,2009,478,2,Ex,Somerst,FV,370878
6,981,981,1971,576,1,TA,NAmes,RL,143250
5,1048,0,1950,420,1,TA,NAmes,RL,98300
6,1094,1094,1953,495,1,TA,Edwards,RL,155000
6,1839,756,1966,442,1,TA,NAmes,RL,155000
4,630,630,1970,0,1,TA,MeadowV,RM,84500
7,1665,813,2007,562,2,Gd,Somerst,FV,205950
4,1510,755,1950,296,1,TA,Edwards,RL,108000
7,1716,880,1996,512,2,Gd,CollgCr,RL,191000
6,1469,756,1995,216,1,TA,IDOTRR,RM,135000
8,2113,2109,1995,839,2,Gd,NoRidge,RL,350000
6,1092,525,1971,264,1,TA,BrDale,RM,88000
5,1053,1053,2006,312,1,Gd,NAmes,RL,145500
7,1502,776,2000,270,1,TA,Crawfor,RL,149000
6,1458,912,1950,330,1,TA,NAmes,RL,97500
5,1486,1486,1999,480,1,TA,Edwards,RL,167000
7,1935,793,1976,550,2,TA,NWAmes,RL,197900
8,2448,1629,2005,711,2,Gd,NoRidge,RL,402000
6,1392,1392,1968,576,1,TA,NAmes,RL,110000
4,1181,1138,1972,588,2,TA,Edwards,RL,137500
8,2097,2077,2006,1134,1,Ex,Somerst,RL,423000
8,1936,1406,2000,504,2,Gd,Gilbert,RL,230500
6,2380,1021,1979,596,2,TA,NAmes,RL,129000
6,1679,1408,1998,575,2,Gd,SawyerW,RL,193500
5,1437,1188,1987,576,1,TA,Sawyer,RL,168000
4,1180,700,1950,252,1,Fa,Crawfor,RL,137500
6,1476,738,2005,540,2,Gd,CollgCr,RL,173500
6,1369,672,1950,300,2,TA,Edwards,RH,103600
6,1208,1208,1977,546,1,TA,Veenker,RL,165000
6,1839,1477,2004,416,2,Gd,Crawfor,RL,257500
6,1136,1136,1965,384,1,TA,NAmes,RL,140000
6,1441,855,1978,440,2,TA,NPkVill,RL,148500
4,1774,1095,1950,779,2,TA,OldTown,RM,87000
5,792,768,2006,240,1,Gd,OldTown,RL,109500
8,2046,2046,2008,834,2,Gd,StoneBr,RL,372500
5,988,988,1961,572,1,TA,Sawyer,RL,128500
6,923,923,1980,264,2,TA,SawyerW,RL,143000
5,1520,793,2000,281,1,TA,SWISU,RH,159434
6,1291,1291,1997,431,1,Gd,ClearCr,RL,173000
9,1668,1626,2002,702,2,Gd,CollgCr,RL,285000
7,1839,1195,1998,486,2,TA,NoRidge,RL,221000
7,2090,1190,1984,577,2,Gd,StoneBr,RL,207500
7,1761,874,2007,578,3,Gd,Somerst,FV,227875
7,1102,551,2004,480,2,Gd,Somerst,FV,148800
8,1419,1419,2007,567,2,Gd,StoneBr,RL,392000
6,1362,1362,2006,460,2,Gd,NridgHt,RL,194700
6,848,848,2004,420,1,Gd,CollgCr,RM,141000
10,4316,2444,1995,832,3,Ex,NoRidge,RL,755000
7,2519,1210,1990,628,2,Gd,Timber,RL,335000
5,1073,1073,1968,326,1,TA,OldTown,RL,108480
5,1539,927,1950,576,1,TA,BrkSide,RM,141500
6,1137,1112,1987,551,2,Gd,Timber,RL,176000
5,616,616,1950,205,1,TA,BrkSide,RM,89000
5,1148,980,1952,308,1,TA,Edwards,RL,123500
5,894,894,2009,336,1,TA,Sawyer,RL,138500
7,1391,1391,2004,530,2,Gd,Somerst,FV,196000
8,1800,1800,2002,765,2,Gd,Timber,RL,312500
7,1164,1164,1969,528,1,TA,NWAmes,RL,140000
8,2576,1234,2006,666,2,Ex,StoneBr,RL,361919
5,1812,360,1996,672,2,Gd,OldTown,RM,140000
7,1484,1473,2005,606,2,Gd,CollgCr,RL,213000
4,1092,0,1950,0,2,Fa,IDOTRR,RM,55000
7,1824,1643,2002,739,2,Gd,ClearCr,RL,302000
8,1324,1324,2006,550,2,Gd,NridgHt,RL,254000
7,1456,728,2007,400,2,Gd,Gilbert,RL,179540
5,904,876,1966,408,1,TA,Sawyer,RL,109900
3,729,270,2003,0,1,TA,BrkSide,RL,52000
4,1178,859,1950,384,1,TA,IDOTRR,C (all),102776
8,1228,1228,1989,472,2,Gd,StoneBr,RL,189000
4,960,960,1970,576,1,TA,BrkSide,RL,129000
6,1479,725,2005,475,2,Gd,Sawyer,RL,130500
6,1350,1064,1974,478,2,TA,NWAmes,RL,165000
7,2554,718,1998,704,1,TA,OldTown,RM,159500
5,1178,1176,2000,439,1,Gd,NWAmes,RL,157000
7,2418,1311,1994,983,2,Gd,NoRidge,RL,341000
5,971,971,1969,300,1,TA,CollgCr,RL,128500
8,1742,1742,1985,564,2,Gd,StoneBr,RL,275000
6,848,848,2004,420,1,Gd,CollgCr,RM,143000
4,864,864,1970,463,1,TA,NAmes,RL,124500
4,1470,941,1972,548,2,TA,Edwards,RL,135000
9,1698,1698,2008,768,2,Ex,Edwards,RL,320000
4,864,864,1970,660,1,Gd,NAmes,RL,120500
6,1680,880,2007,540,2,Gd,Crawfor,RL,222000
7,1232,1232,2007,632,2,Gd,CollgCr,RL,194500
5,1776,1584,1958,888,2,TA,NAmes,RL,110000
4,1208,780,1950,539,1,TA,IDOTRR,RM,103000
8,1616,1595,1996,608,2,Gd,StoneBr,RL,236500
7,1146,868,2003,438,2,Gd,Timber,RL,187500
7,2031,1153,1999,541,2,Gd,CollgCr,RL,222500
5,1144,864,1983,264,1,TA,Sawyer,RL,131400
5,948,948,1968,300,1,TA,Sawyer,RL,108000
7,1768,880,1970,320,1,TA,OldTown,RM,163000
3,1040,0,1950,400,2,TA,NAmes,RL,93500
8,1801,893,2005,800,2,Gd,Gilbert,RL,239900
5,1200,1200,1988,0,3,TA,Edwards,RL,179000
7,1728,864,2004,572,2,Gd,CollgCr,RL,190000
5,1432,264,2002,360,2,TA,OldTown,RM,132000
6,912,912,1996,288,1,Gd,Sawyer,RL,142000
7,1349,1349,2001,539,2,TA,SawyerW,RL,179000
5,1464,520,1999,480,2,TA,Sawyer,RL,175000
8,1337,1337,1993,462,2,Gd,StoneBr,RL,180000
8,2715,1142,1996,831,3,Gd,NWAmes,RL,299800
7,2256,952,2000,554,2,Gd,Gilbert,RL,236000
7,2640,1240,2003,864,1,Gd,OldTown,RM,265979
7,1720,1720,1996,527,2,Gd,NoRidge,RL,260400
4,1529,0,1950,240,2,TA,Edwards,RL,98000
4,1140,576,2004,0,1,TA,OldTown,RM,96500
7,1320,660,2003,400,2,Gd,Gilbert,RL,162000
6,1494,1479,1997,576,2,Gd,CollgCr,RL,217000
8,2098,1030,2005,878,2,Ex,NridgHt,RL,275500
6,1026,1026,2005,440,1,Gd,NAmes,RL,156000
6,1471,729,1999,440,2,TA,Somerst,FV,172500
8,1768,866,2007,578,2,Gd,CollgCr,RL,212000
6,1386,672,1978,440,2,TA,Sawyer,RL,158900
7,1501,744,1999,440,2,TA,Somerst,FV,179400
8,2531,1318,1995,752,2,Gd,NoRidge,RL,290000
6,864,864,1959,300,1,TA,NAmes,RL,127500
5,1301,1145,1950,440,1,Fa,BrkSide,RM,100000
7,1547,756,2009,614,2,Gd,Somerst,FV,215200
8,2365,1252,1999,856,2,Gd,NoRidge,RL,337000
8,1494,1494,1996,481,1,Ex,Veenker,RL,270000
9,1506,1498,2008,592,2,Ex,Somerst,RL,264132
7,1714,980,1988,496,2,TA,NWAmes,RL,196500
6,1750,983,1985,423,2,TA,Mitchel,RL,160000
7,1836,1860,2005,484,2,Gd,CollgCr,RL,216837
8,3279,1650,2003,841,3,Ex,StoneBr,RL,538000
5,858,858,1982,576,1,TA,Sawyer,RL,134900
4,1220,836,1951,396,1,TA,Edwards,RL,102000
6,1117,1029,1976,672,1,TA,Edwards,RL,107000
5,912,912,1958,275,1,TA,NAmes,RL,114500
8,1973,1935,2006,895,2,Gd,NridgHt,RL,395000
6,1204,1204,1998,412,2,TA,Mitchel,RM,162000
7,1614,1614,2006,865,2,Gd,CollgCr,RL,221500
5,894,864,1974,440,1,TA,Sawyer,RL,142500
5,2020,0,1977,630,2,TA,SawyerW,RH,144000
6,1004,975,1977,504,1,TA,Mitchel,RL,135000
7,1253,1237,1996,402,2,TA,Gilbert,RL,176000
6,1603,761,1992,484,2,Gd,SawyerW,RL,175900
7,1430,1413,2002,605,2,Gd,CollgCr,RL,187100
5,1110,1097,1978,602,1,Gd,Mitchel,RL,165500
6,1484,742,2001,0,2,TA,OldTown,RM,128000
6,1342,1372,1967,457,2,TA,NWAmes,RL,161500
5,1652,686,1950,416,2,TA,OldTown,RM,139000
7,2084,956,2004,618,2,Gd,SawyerW,RL,233000
4,901,901,2000,281,1,TA,OldTown,RM,107900
6,2087,832,2007,444,2,Gd,ClearCr,RL,187500
7,1145,1145,2006,397,2,Gd,Blmngtn,RL,160200
6,1062,1029,1976,539,1,TA,Mitchel,RL,146800
7,2013,1117,1997,455,2,TA,NoRidge,RL,269790
8,1496,1496,2007,474,2,Gd,Somerst,RL,225000
7,1895,712,1996,409,2,Gd,Gilbert,RL,194500
6,1564,650,1981,476,2,TA,SawyerW,RL,171000
6,1285,660,1977,528,1,TA,Sawyer,RL,143500
5,773,773,1953,240,1,TA,NAmes,RL,110000
9,3140,1926,2009,820,3,Ex,NridgHt,RL,485000
5,1768,731,1950,240,1,Gd,SWISU,RL,175000
6,1688,616,1997,603,2,Gd,ClearCr,RL,200000
4,1196,1196,1990,440,1,TA,IDOTRR,RM,109900
7,1456,728,2005,410,2,Gd,CollgCr,RL,189000
9,2822,1734,2009,1020,3,Ex,NridgHt,RL,582933
5,1128,936,1954,286,1,TA,NAmes,RL,118000
7,1428,1417,2008,554,2,Ex,Somerst,RL,227680
5,980,980,1967,384,2,TA,NAmes,RL,135500
5,1576,1324,2004,528,1,Gd,BrkSide,RL,223500
5,1086,1024,1966,484,1,TA,NAmes,RL,159950
5,2138,849,1965,360,2,TA,OldTown,RM,106000
6,1309,1040,1999,484,1,Gd,NWAmes,RL,181000
6,848,848,2004,420,1,Gd,CollgCr,RM,144500
5,1044,540,1952,504,1,Fa,IDOTRR,C (all),55993
6,1442,1442,1958,301,1,TA,NAmes,RL,157900
5,1250,686,1950,280,1,Fa,Edwards,RL,116000
7,1661,1649,1998,598,2,Gd,CollgCr,RL,224900
5,1008,1008,1954,275,1,TA,NAmes,RL,137000
8,1689,1568,2002,857,2,Gd,Mitchel,RL,271000
6,1052,1010,1971,440,1,TA,ClearCr,RL,155000
7,1358,1358,2010,484,2,Gd,NridgHt,RL,224000
7,1640,798,2003,595,2,Gd,CollgCr,RL,183000
4,936,936,1953,576,1,TA,OldTown,RM,93000
7,1733,847,2003,433,2,Gd,Gilbert,RL,225000
6,1489,778,1950,240,2,TA,SWISU,RL,139500
8,1489,1489,2006,776,2,Gd,Somerst,FV,232600
10,2084,2078,2008,1220,2,Ex,NridgHt,RL,385000
5,784,784,1950,0,1,Gd,BrkSide,RM,109500
7,1434,1454,2001,527,2,Gd,SawyerW,RL,189000
5,2126,1013,1967,538,2,TA,ClearCr,RL,185000
7,1223,600,2005,480,2,Gd,Somerst,FV,147400
6,1392,1392,1957,458,1,TA,NAmes,RL,166000
7,1200,600,2005,480,2,Gd,Somerst,FV,151000
7,1829,941,2003,613,2,Gd,CollgCr,RL,237000
6,1516,1516,1964,472,1,TA,NAmes,RL,167000
5,1144,1144,1961,456,1,TA,NAmes,RL,139950
4,1067,1067,1995,436,2,Gd,Sawyer,RL,128000
5,1559,1559,1973,812,1,TA,OldTown,RM,153500
6,987,483,1973,264,1,TA,BrDale,RM,100000
5,1099,1099,2006,352,1,Gd,CollgCr,RL,144000
5,1200,768,1995,240,1,TA,Edwards,RL,130500
6,1482,672,1950,400,2,Fa,SWISU,RH,140000
5,1539,650,2002,686,2,Gd,OldTown,RM,157500
6,1165,1127,1966,490,1,TA,NAmes,RL,174900
5,1800,1800,1961,0,2,TA,NAmes,RL,141000
5,1416,876,1950,720,1,TA,OldTown,RM,153900
5,1701,1390,1981,611,2,TA,Sawyer,RL,171000
7,1775,740,1993,425,2,Gd,SawyerW,RL,213000
5,864,864,1972,338,1,TA,CollgCr,RL,133500
6,2358,907,1997,360,3,TA,ClearCr,RL,240000
6,1855,528,1994,512,2,TA,Veenker,RL,187000
6,848,848,2003,420,1,Gd,CollgCr,RM,131500
8,1456,1273,2003,400,2,Gd,Blmngtn,RL,215000
7,1646,918,1950,240,2,TA,Crawfor,RL,164000
6,1445,1127,1964,645,1,TA,NAmes,RL,158000
5,1779,1763,1974,454,1,TA,Sawyer,RL,170000
5,1040,1040,2010,260,1,TA,Sawyer,RL,127000
6,1026,940,1978,576,1,TA,CollgCr,RL,147000
6,1481,702,1995,343,2,TA,Gilbert,RL,174000
7,1370,1090,1976,479,2,TA,NWAmes,RL,152000
6,2654,1054,1984,619,2,Gd,NWAmes,RL,250000
7,1426,912,1998,216,1,Gd,Crawfor,RL,189950
5,1039,1039,1965,504,1,TA,Sawyer,RL,131500
6,1097,1040,1985,480,2,TA,SawyerW,RL,152000
5,1148,1148,1959,672,1,TA,NAmes,RL,132500
7,1372,1372,2008,529,2,Gd,Somerst,FV,250580
5,1002,1002,1970,902,1,TA,NAmes,RL,148500
8,1646,1638,2007,870,2,Gd,Timber,RL,248900
4,1120,1040,1961,544,1,Fa,Sawyer,RL,129000
5,2320,0,1950,672,2,TA,Gilbert,RL,169000
7,1949,1050,1994,574,2,Gd,SawyerW,RL,236000
5,894,894,1962,308,1,TA,NAmes,RL,109500
6,1682,804,1998,523,2,Gd,CollgCr,RL,200500
5,910,105,1996,414,1,Gd,NAmes,RL,116000
5,1268,832,1950,288,1,TA,NAmes,RL,133000
5,1131,676,1950,200,1,TA,OldTown,RM,66500
8,2610,1184,2007,550,2,Ex,Somerst,FV,303477
4,1040,1064,1963,648,1,TA,Mitchel,RL,132250
9,2224,1462,2005,738,2,Ex,NridgHt,RL,350000
5,1155,1109,1995,576,1,Gd,Sawyer,RL,148000
5,864,864,2005,336,1,TA,CollgCr,RL,136500
5,1090,1090,2006,450,1,TA,Edwards,RL,157000
7,1717,1156,1991,400,2,Gd,Timber,RL,187500
6,1593,808,1993,389,2,TA,Gilbert,RL,178000
4,2230,795,1950,440,1,TA,SWISU,RL,118500
5,892,892,1967,288,1,TA,NAmes,RL,100000
9,1709,1698,2000,506,2,Gd,Somerst,FV,328900
5,1712,1626,2005,588,2,TA,NAmes,RL,145000
5,1393,816,1955,300,1,TA,Edwards,RL,135500
8,2217,2217,1970,621,2,Gd,NAmes,RL,268000
6,1505,1505,1953,505,1,TA,NAmes,RL,149500
5,924,672,2006,576,1,TA,NAmes,RL,122900
6,1683,918,1978,440,2,TA,Sawyer,RL,172500
6,1068,1059,2003,264,1,TA,Sawyer,RL,154500
5,1383,1383,1954,354,1,TA,Sawyer,RL,165000
5,1535,0,1979,400,2,TA,SawyerW,RL,118858
6,1796,780,1963,483,1,TA,NAmes,RL,140000
4,951,951,1950,327,1,TA,IDOTRR,RM,106500
5,2240,0,1979,528,2,TA,SawyerW,RL,142953
9,2364,2330,2010,820,2,Ex,NridgHt,RL,611657
5,1236,912,1994,288,1,TA,Sawyer,RL,135000
4,858,858,1971,684,1,TA,NAmes,RL,110000
5,1306,992,2000,756,1,TA,NAmes,RL,153000
7,1509,783,2003,393,2,Gd,Gilbert,RL,180000
7,1670,1670,2006,690,2,Gd,Gilbert,RL,240000
5,902,876,1967,288,1,TA,Sawyer,RL,125500
5,1063,1056,1954,280,1,TA,NAmes,RL,128000
8,1636,1623,2006,865,2,Gd,Somerst,RL,255000
7,2057,1017,1987,180,1,Gd,Crawfor,RL,250000
5,902,864,1983,484,1,TA,Mitchel,RL,131000
6,1484,742,2005,390,2,Gd,Gilbert,RL,174000
5,2274,1105,1960,480,2,TA,NAmes,RL,154300
5,1268,1268,1989,252,1,Gd,CollgCr,RL,143500
5,1015,768,1950,450,1,TA,BrkSide,RM,88000
5,2002,1001,1950,871,2,TA,Crawfor,RH,145000
6,1224,612,2009,528,2,Gd,Somerst,FV,173733
4,1092,546,1970,286,1,TA,MeadowV,RM,75000
2,480,480,1950,308,0,TA,IDOTRR,C (all),35311
4,1229,1134,1956,284,1,TA,Edwards,RL,135000
7,2127,1104,1991,833,2,Gd,SawyerW,RL,238000
6,1414,1184,2002,601,1,TA,NAmes,RL,176500
6,1721,928,1994,471,2,Gd,SawyerW,RL,201000
5,2200,1272,2003,0,2,TA,Edwards,RL,145900
6,1316,1316,2006,397,2,Gd,Gilbert,RL,169990
6,1617,1604,1994,533,2,Gd,SawyerW,RL,193000
6,1686,1686,1980,612,2,TA,NWAmes,RL,207500
5,1126,1126,1977,540,2,Ex,NWAmes,RL,175000
8,2374,1181,2004,656,2,Ex,NridgHt,RL,285000
7,1978,832,1968,486,2,TA,NWAmes,RL,176000
8,1788,1753,2001,522,2,Ex,CollgCr,RL,236500
7,2236,964,1997,642,2,Gd,Gilbert,RL,222000
8,1466,1466,2007,610,2,Gd,Timber,RL,201000
5,925,925,1965,429,1,TA,NAmes,RL,117500
9,1905,1905,2006,788,2,Ex,Somerst,RL,320000
7,1500,1500,2004,570,2,Gd,CollgCr,RL,190000
7,2069,585,2007,505,2,Gd,NAmes,RL,242000
4,747,600,1953,528,1,TA,BrkSide,RL,79900
7,1200,1176,2003,555,2,Gd,SawyerW,RL,184900
7,1971,1113,2005,689,2,Gd,Somerst,RL,253000
7,1962,1391,2006,868,2,Gd,CollgCr,RL,239799
7,2403,1032,1950,349,2,TA,ClearCr,RL,244400
6,1728,1728,1976,574,2,TA,Mitchel,RL,150900
7,2060,992,1999,390,2,Gd,Gilbert,RL,214000
4,1440,1440,1977,0,2,TA,Edwards,RL,150000
5,1632,1632,1967,576,2,TA,Mitchel,RL,143000
6,1344,819,1958,525,1,Gd,Timber,RL,137500
5,1869,1088,1996,456,1,TA,OldTown,RM,124900
5,1144,1144,1959,796,1,TA,NAmes,RL,143000
8,1629,1616,2003,808,2,Gd,Timber,RL,270000
7,1776,936,2002,474,2,Gd,CollgCr,RL,192500
6,1381,1161,2006,676,1,Gd,NWAmes,RL,197500
5,864,864,2002,720,1,Gd,NAmes,RL,129000
5,965,828,1965,300,1,TA,SawyerW,RH,119900
5,768,768,2003,396,1,TA,CollgCr,RL,133900
5,1968,784,1969,530,2,TA,Mitchel,RL,172000
6,980,945,1975,0,2,TA,Edwards,RL,127500
6,1958,979,1950,492,2,TA,Crawfor,RH,145000
6,1229,561,1980,462,1,TA,Blueste,RM,124000
5,1057,1057,1962,576,1,TA,Sawyer,RL,132000
7,1337,1337,2003,531,2,Gd,CollgCr,RL,185000
7,1416,696,1999,484,2,Gd,Somerst,FV,155000
5,858,858,2008,0,1,TA,BrkSide,RL,116500
6,2872,1330,1995,619,2,TA,NWAmes,RL,272000
6,1548,804,1976,440,2,Gd,NPkVill,RL,155000
9,1800,1800,2007,702,2,Ex,CollgCr,RL,239000
7,1894,817,2003,510,2,Gd,Timber,RL,214900
6,1484,783,2007,393,2,Gd,Gilbert,RL,178900
5,1308,728,1950,256,1,TA,Crawfor,RL,160000
5,1098,1098,1955,260,1,TA,NAmes,RL,135000
3,968,600,1950,0,1,TA,OldTown,RM,37900
6,1095,588,1958,264,1,TA,NAmes,RL,140000
4,1192,720,1950,0,1,TA,NAmes,RL,135000
7,1626,764,2004,474,2,Gd,NridgHt,RL,173000
6,918,918,1979,264,2,TA,SawyerW,RL,99500
7,1428,1428,2008,480,2,Gd,Somerst,FV,182000
7,2019,728,1993,532,1,Gd,BrkSide,RL,167500
7,1382,673,2000,490,2,Gd,Somerst,FV,165000
4,869,440,1958,0,1,Fa,BrkSide,RL,85500
7,1241,1241,2007,569,1,Gd,Somerst,FV,199900
4,894,894,1954,400,1,TA,Edwards,RL,110000
5,1121,1121,1963,480,1,TA,Sawyer,RL,139000
7,999,944,2007,588,1,Ex,NAmes,RL,178400
8,2612,1225,1999,676,2,Gd,NoRidge,RL,336000
7,1266,1266,2007,388,2,Gd,Blmngtn,RL,159895
8,2290,1128,2002,779,2,Gd,CollgCr,RL,255900
5,1734,0,1977,539,2,Gd,Mitchel,RL,126000
5,1164,1164,1950,240,1,TA,Edwards,RL,125000
6,1635,485,2003,255,1,Gd,OldTown,RM,117000
9,1940,1930,2010,606,2,Ex,NridgHt,RL,395192
6,2030,848,1976,551,2,Gd,NWAmes,RL,195000
7,1576,770,2006,614,2,Gd,Somerst,FV,197000
8,2392,1396,1998,870,2,Gd,NoRidge,RL,348000
8,1742,916,1986,424,1,Gd,OldTown,RM,168000
6,1851,822,1993,440,2,Gd,NAmes,RL,187000
6,1500,750,2006,564,2,Gd,CollgCr,RL,173900
10,1718,1700,2007,786,2,Ex,NridgHt,RL,337500
4,1230,747,1950,305,1,TA,BrkSide,RL,121600
5,1050,1050,1961,368,1,TA,NAmes,RL,136500
6,1442,1442,1970,615,2,TA,NWAmes,RL,185000
3,1077,1007,1950,210,1,TA,IDOTRR,RM,91000
7,1208,1187,2006,632,2,Gd,CollgCr,RL,206000
3,944,0,1952,528,1,Fa,Edwards,RL,82000
5,691,691,1950,216,1,Ex,OldTown,RL,86000
8,1574,1574,2006,824,2,Gd,Somerst,RL,232000
5,1680,1680,1976,528,2,TA,NWAmes,RL,136905
7,1504,1346,2006,457,2,Gd,Blmngtn,RL,181000
5,985,985,1977,328,2,TA,CollgCr,RL,149900
6,1657,1657,1970,484,2,TA,NAmes,RL,163500
4,1092,546,1970,286,1,TA,MeadowV,RM,88000
7,1710,1710,2005,550,2,Gd,Mitchel,RL,240000
5,1522,1008,1950,0,2,TA,SWISU,RL,102000
5,1271,720,1950,312,2,TA,Sawyer,RL,135000
5,1664,0,1965,0,2,TA,Edwards,RL,100000
6,1502,602,1996,180,1,Gd,Crawfor,RL,165000
5,1022,1022,2006,280,1,TA,OldTown,RM,85000
6,1082,1082,1950,240,1,TA,NAmes,RL,119200
8,1665,810,2001,528,2,Gd,NWAmes,RL,227000
7,1504,1504,1996,478,2,Gd,CollgCr,RL,203000
8,1360,1220,1984,565,1,Gd,StoneBr,RL,187500
7,1472,384,1992,402,2,Gd,Gilbert,RL,160000
7,1506,1362,2005,440,2,Gd,Blmngtn,RL,213490
4,1132,1132,2005,451,1,Gd,Edwards,RL,176000
7,1220,1199,2006,632,2,Gd,CollgCr,RL,194000
5,1248,912,1950,160,1,TA,OldTown,RM,87000
7,1504,1346,2006,437,2,Gd,Blmngtn,RL,191000
8,2898,1565,1976,665,2,Gd,Timber,RL,287000
5,882,882,1972,461,1,TA,CollgCr,RL,112500
5,1264,1268,1960,461,1,TA,NAmes,RL,167500
8,1646,1638,2008,800,2,Gd,Timber,RL,293077
5,1376,768,1950,240,1,TA,NAmes,RL,105000
6,1218,672,1972,264,1,TA,BrDale,RM,118000
5,1928,686,1995,0,2,TA,SWISU,RH,160000
7,3082,824,1970,672,2,TA,SWISU,RL,197000
8,2520,1338,1993,796,2,Gd,NoRidge,RL,310000
7,1654,1654,2002,900,2,Gd,CollgCr,RL,230000
5,954,920,1950,240,1,Fa,Crawfor,RL,119750
4,845,0,1957,290,1,TA,Edwards,RL,84000
9,1620,1620,2008,912,2,Ex,Timber,RL,315500
8,2263,1055,2002,905,2,Gd,CollgCr,RL,287000
4,1344,546,2008,0,1,TA,MeadowV,RM,97000
4,630,630,1970,286,1,TA,MeadowV,RM,80000
5,1803,1134,2000,484,2,TA,Sawyer,RL,155000
6,1632,800,2000,484,1,Gd,NWAmes,RL,173000
6,1306,1306,2005,624,2,Gd,NridgHt,RL,196000
7,2329,1475,1990,514,2,Gd,SawyerW,RL,262280
8,2524,2524,1981,542,2,Gd,NWAmes,RL,278000
3,1733,0,1955,452,2,TA,Edwards,RL,139600
9,2868,1992,2006,716,3,Ex,StoneBr,RL,556581
5,990,990,1995,672,1,TA,CollgCr,RL,145000
5,1771,0,2006,336,1,TA,Mitchel,RL,115000
4,930,0,2006,308,1,Gd,Edwards,RL,84900
7,1302,1302,2007,436,2,Gd,Gilbert,RL,176485
7,1316,1316,2007,440,2,Gd,CollgCr,RL,200141
6,1977,816,1978,540,1,TA,NAmes,RL,165000
5,1526,1216,2002,364,1,TA,Edwards,RL,144500
8,1989,1065,2002,586,2,Gd,CollgCr,RL,255000
6,1523,1193,1976,478,2,TA,NWAmes,RL,180000
7,1364,1364,2005,484,2,Gd,NridgHt,RL,185850
7,1850,973,1994,467,2,Gd,NoRidge,RL,248000
9,2184,1104,2008,836,2,Ex,NridgHt,RL,335000
6,1991,854,1950,432,1,TA,Crawfor,RL,220000
8,1338,1338,2001,582,2,Gd,StoneBr,RL,213500
3,894,894,1950,1248,1,TA,IDOTRR,C (all),81000
5,2337,662,1950,560,2,TA,OldTown,RM,90000
6,1103,1103,1980,440,1,Gd,OldTown,RM,110500
5,1154,1154,1966,480,1,TA,NAmes,RL,154000
7,2260,1306,1997,533,2,Gd,ClearCr,RL,328000
6,1571,799,1994,380,2,TA,Gilbert,RL,178000
6,1611,780,1964,442,1,TA,NAmes,RL,167900
6,2521,942,1973,576,2,TA,MeadowV,RM,151400
5,893,845,2003,576,1,Gd,NAmes,RL,135000
5,1048,1048,1956,286,1,TA,NAmes,RL,135000
6,1556,727,1968,441,1,TA,NWAmes,RL,154000
5,1456,810,1950,280,1,TA,Edwards,RL,91500
6,1426,690,1977,440,1,TA,Edwards,RL,159500
7,1240,1240,2006,826,2,Gd,CollgCr,RL,194000
7,1740,800,1984,240,1,TA,Crawfor,RL,219500
5,1466,796,1989,566,2,Gd,OldTown,RL,170000
5,1096,1096,1969,299,1,TA,NAmes,RL,138800
6,848,848,2004,420,1,Gd,CollgCr,RM,155900
5,990,990,1994,299,1,TA,CollgCr,RL,126000
6,1258,1258,2004,528,2,Gd,NWAmes,RL,145000
5,1040,1040,1963,308,1,TA,Sawyer,RL,133000
7,1459,1459,2002,527,2,Gd,CollgCr,RL,192000
6,1251,1251,1964,461,1,TA,NAmes,RL,160000
6,1498,691,1996,409,2,TA,Gilbert,RL,187500
6,996,936,1992,564,1,Gd,SawyerW,RL,147000
4,1092,546,1973,286,1,TA,MeadowV,RM,83500
8,1953,1082,2006,1043,2,Gd,Somerst,FV,252000
7,1709,970,2004,380,2,Gd,Edwards,RM,137500
8,1247,1247,2005,550,1,Gd,Somerst,FV,197000
3,1040,0,1950,400,2,TA,NAmes,RL,92900
7,1252,600,2000,462,2,Gd,Somerst,FV,160000
6,1694,1181,1950,576,2,TA,SWISU,RL,136500
5,1200,864,1998,884,1,Gd,NAmes,RL,146000
5,936,936,2000,308,1,TA,NAmes,RL,129000
6,1314,1314,2006,440,2,Gd,CollgCr,RL,176432
6,1355,684,2006,0,1,Gd,IDOTRR,RM,127000
8,1088,1074,1986,461,1,Gd,StoneBr,RL,170000
4,1324,672,1950,240,1,TA,BrkSide,RM,128000
7,1601,1271,1978,478,2,TA,NWAmes,RL,157000
2,438,290,1950,246,1,Fa,SWISU,RL,60000
5,950,950,1971,280,1,TA,NAmes,RL,119500
5,1134,1010,2002,254,1,TA,NAmes,RL,135000
6,1194,655,1959,539,1,TA,NAmes,RL,159500
5,1302,630,1970,440,2,TA,BrDale,RM,106000
8,2622,1463,1995,712,2,Gd,NoRidge,RL,325000
7,1442,910,1991,719,2,Gd,SawyerW,RL,179900
7,2021,868,2006,422,2,Gd,Gilbert,RL,274725
6,1690,924,2000,463,2,TA,Gilbert,RL,181000
8,1836,1836,2005,862,2,Gd,NridgHt,RL,280000
6,1658,773,1996,431,2,TA,Gilbert,RL,188000
7,1964,803,1976,483,2,TA,NWAmes,RL,205000
5,816,816,1957,308,1,TA,NAmes,RL,129900
5,1008,1008,2006,240,1,Gd,NAmes,RL,134500
5,833,833,2000,326,1,Gd,OldTown,RL,117000
8,1734,1734,2007,928,2,Ex,NridgHt,RL,318000
8,1419,408,2002,527,2,Gd,Gilbert,RL,184100
5,894,894,2003,450,1,Gd,Sawyer,RL,130000
5,1601,533,1987,300,1,TA,Sawyer,RL,140000
5,1040,1040,1959,286,1,TA,NAmes,RL,133700
6,1012,1012,1950,308,1,TA,IDOTRR,RM,118400
7,1552,1552,2006,782,2,Gd,CollgCr,RL,212900
4,960,672,1956,288,1,TA,Edwards,RL,112000
5,698,698,2008,0,1,TA,Edwards,RL,118000
7,1482,384,1992,392,2,Gd,Gilbert,RL,163900
4,1005,1005,1955,672,1,Fa,NAmes,RL,115000
7,1555,1373,2007,660,2,Gd,Blmngtn,RL,174000
7,1530,1530,2004,630,2,Gd,Gilbert,RL,259000
7,1959,847,2005,434,2,Gd,Gilbert,RL,215000
5,936,936,1980,672,1,TA,OldTown,RM,140000
4,1981,1122,1950,576,2,Gd,SWISU,RL,135000
5,974,974,1992,0,1,TA,Mitchel,RL,93500
6,2210,1008,1950,205,2,Fa,OldTown,RM,117500
8,2020,1128,1995,466,2,Gd,SawyerW,RL,239500
6,1600,916,1997,460,2,TA,Gilbert,RL,169000
6,986,960,1950,180,1,TA,BrkSide,RM,102000
6,1252,1032,1950,288,1,TA,NAmes,RL,119000
5,1020,780,1996,0,1,TA,Sawyer,RL,94000
6,1567,1567,1977,714,2,Gd,Mitchel,RL,196000
5,1167,915,1950,495,1,TA,BrkSide,RL,144000
5,952,952,1951,840,1,TA,NAmes,RL,139000
5,1868,780,1976,484,2,Gd,NWAmes,RL,197500
8,2828,1466,2007,1052,3,Gd,CollgCr,RL,424870
5,1006,1006,1959,0,1,TA,Sawyer,RL,80000
4,924,672,1950,280,1,Fa,Edwards,RL,80000
5,1576,1042,1950,225,1,TA,BrkSide,RM,149000
6,1298,1298,1985,403,2,Gd,SawyerW,RL,180000
7,1564,704,1950,234,1,Fa,Crawfor,RL,174500
7,1111,572,1950,288,1,TA,OldTown,RM,116900
7,1482,650,1988,324,1,TA,OldTown,RM,143000
6,932,932,1950,306,1,Gd,NAmes,RL,124000
5,1466,1466,1959,528,1,Fa,Edwards,RL,149900
6,1811,1073,2004,470,1,Ex,Crawfor,RL,230000
6,816,816,2007,432,1,TA,IDOTRR,RM,120500
7,1820,864,1988,492,1,Gd,NAmes,RL,201800
5,1437,1437,2004,528,2,Gd,Veenker,RL,218000
5,1265,1219,1999,502,2,Gd,NAmes,RL,179900
7,1314,1314,2008,626,2,Gd,NridgHt,RL,230000
8,1580,1580,2008,830,2,Gd,Somerst,RL,235128
6,1876,901,1974,540,2,Gd,NWAmes,RL,185000
6,1456,855,1978,440,2,TA,NPkVill,RL,146000
6,1640,1296,2006,924,1,Gd,Crawfor,RL,224000
5,894,894,1968,450,1,TA,Sawyer,RL,129000
4,1258,1198,1969,400,0,TA,Sawyer,RL,108959
5,1432,1360,1978,588,1,Gd,Veenker,RL,194000
7,1502,1502,2009,644,2,Gd,NridgHt,RL,233170
8,1694,1694,2008,776,2,Gd,CollgCr,RL,245350
6,1671,959,2000,472,2,TA,Gilbert,RL,173000
6,2108,1127,1986,540,2,Gd,Edwards,RL,235000
10,3627,1930,1996,807,3,Gd,NoRidge,RL,625000
6,1118,1096,1977,358,1,TA,Mitchel,RL,171000
6,1261,1261,1958,433,1,TA,NAmes,RL,163000
7,1250,625,2007,625,2,Gd,Somerst,FV,171900
5,3086,1598,1994,0,3,Ex,ClearCr,RL,200500
6,2345,952,1950,360,2,TA,Crawfor,RL,239000
8,2872,1683,2000,541,2,Gd,NoRidge,RL,285000
5,923,876,1985,264,1,TA,Mitchel,RL,119500
6,1224,818,2004,210,1,TA,OldTown,RM,115000
5,1343,731,1950,186,1,TA,Crawfor,RL,154900
5,1124,0,1954,0,1,TA,Edwards,RL,93000
7,2514,1216,1991,693,2,TA,Timber,RL,250000
8,1652,1600,2008,482,2,Gd,Crawfor,RM,392500
10,4476,2396,1996,813,3,Ex,NoRidge,RL,745000
5,1130,1120,1950,720,1,TA,OldTown,RL,120000
5,1572,1572,1963,995,1,TA,Timber,RL,186700
5,1221,784,1950,392,1,TA,Edwards,RL,104900
3,1699,978,1970,420,2,TA,OldTown,RL,95000
8,1624,1624,1995,757,2,Gd,NoRidge,RL,262000
7,1660,831,2002,493,2,Gd,CollgCr,RL,195000
7,1804,994,1999,442,2,Gd,Gilbert,RL,189000
4,1622,1249,1975,1356,1,TA,Mitchel,RL,168000
8,1441,776,2000,492,2,Gd,Somerst,FV,174000
5,1472,702,1994,250,1,Gd,OldTown,RM,125000
6,1224,1224,1999,402,2,TA,Mitchel,RM,165000
6,1352,663,1969,299,1,TA,Sawyer,RL,158000
6,1456,728,2005,400,2,Gd,Gilbert,RL,176000
7,1863,879,2006,660,2,Gd,Gilbert,RL,219210
7,1690,815,1950,225,1,TA,OldTown,RM,144000
7,1212,1212,2001,573,2,Gd,CollgCr,RL,178000
4,1382,1051,1979,459,1,TA,Sawyer,RL,148000
4,864,864,1970,280,1,TA,NAmes,RL,116050
7,1779,866,1998,546,2,Gd,CollgCr,RL,197900
5,1348,884,1997,216,1,TA,BrkSide,RM,117000
7,1630,1630,2001,451,2,Gd,CollgCr,RL,213000
5,1074,1056,1975,495,1,TA,NWAmes,RL,153500
7,2196,2158,1991,701,2,Gd,SawyerW,RL,271900
4,1056,1056,1966,384,1,TA,SawyerW,RH,107000
6,1700,1682,2003,544,2,Gd,CollgCr,RL,200000
5,1283,931,1980,506,1,TA,NAmes,RL,140000
8,1660,1660,2006,500,2,Gd,Somerst,RL,290000
6,1845,1055,1992,462,2,Gd,SawyerW,RL,189000
8,1752,559,2005,492,2,TA,Gilbert,RL,164000
4,672,672,1950,234,1,TA,Edwards,RL,113000
4,960,648,2001,364,0,TA,Sawyer,RL,145000
5,999,925,1962,300,1,TA,NAmes,RL,134500
5,894,894,1966,384,1,TA,Sawyer,RL,125000
6,1902,0,1978,539,2,TA,Sawyer,RM,112000
8,1314,1300,2009,552,2,Gd,Somerst,FV,229456
4,912,0,1950,0,1,TA,BrkSide,RM,80500
6,1218,672,1971,0,1,TA,BrDale,RM,91500
5,912,912,1964,288,1,TA,NAmes,RL,115000
5,1211,952,1968,322,1,TA,Sawyer,RL,134000
6,1846,1040,1950,315,2,TA,NAmes,RL,143000
5,2136,2136,1951,528,2,TA,NAmes,RL,137900
7,1490,788,2005,388,2,Gd,Gilbert,RL,184000
6,1138,588,1958,264,1,TA,NAmes,RL,145000
6,1933,894,2007,668,2,Gd,Somerst,RL,214000
5,912,912,2008,576,1,Gd,NAmes,RL,147000
9,1702,1702,2008,1052,1,Ex,NridgHt,RL,367294
5,1507,1075,1960,404,2,TA,NAmes,RL,127000
5,2620,1361,1977,600,2,TA,Sawyer,RL,190000
5,1190,1106,1962,540,1,TA,NAmes,RL,132500
4,1224,0,1962,462,2,TA,NAmes,RL,101800
5,1188,1188,1959,531,1,TA,NAmes,RL,142000
5,1964,940,1950,0,1,TA,SWISU,RH,130000
5,1784,747,1950,180,1,TA,Crawfor,RL,138887
7,1626,764,2003,474,2,Gd,NridgHt,RL,175500
7,1948,847,2005,434,2,Gd,CollgCr,RL,195000
6,1141,1141,2005,484,1,TA,SawyerW,RL,142500
8,1484,1476,2006,472,2,Ex,Timber,RL,265900
7,1768,884,2003,543,2,Gd,CollgCr,RL,224900
7,1689,1689,2007,954,2,Gd,Somerst,RL,248328
7,1173,1053,1974,528,2,Gd,NWAmes,RL,170000
10,2076,2076,2006,850,2,Ex,NridgHt,RL,465000
8,1517,792,1950,400,1,Gd,Crawfor,RL,230000
6,1868,585,2003,477,3,TA,NWAmes,RL,178000
7,1553,756,2006,615,2,Gd,Somerst,FV,186500
6,1034,1012,1976,888,1,TA,Mitchel,RL,169900
6,2058,735,1950,396,1,TA,OldTown,RM,129500
5,988,876,1950,276,1,TA,NAmes,RL,119000
7,2110,2110,1968,522,2,Ex,NAmes,RL,244000
7,1405,1405,2003,478,2,Gd,NridgHt,RL,171750
5,874,864,1968,288,1,TA,Mitchel,RL,130000
7,2167,1192,2003,518,2,Gd,Veenker,RL,294000
7,1656,746,2004,397,2,Gd,Edwards,RL,165400
6,1367,884,1950,560,1,TA,BrkSide,RM,127500
8,1987,1986,1994,691,2,Gd,NoRidge,RL,301500
5,864,864,1950,0,1,TA,Edwards,RL,99900
7,1166,856,2005,400,2,Gd,Gilbert,RL,190000
6,1054,1054,1969,460,1,TA,NAmes,RL,151000
6,1675,841,1999,502,2,TA,Gilbert,RL,181000
5,1050,1050,1956,338,1,TA,NAmes,RL,128900
4,1788,1104,1989,304,1,TA,ClearCr,RL,161500
6,1824,764,1950,520,1,TA,BrkSide,RL,180500
6,1337,1405,1999,511,2,Gd,NAmes,RH,181000
7,1452,691,1999,506,2,Gd,Somerst,FV,183900
7,1889,925,1950,308,1,TA,OldTown,RM,122000
9,2018,2002,2009,746,2,Ex,Timber,RL,378500
8,3447,728,1997,1014,3,Gd,Crawfor,RL,381000
5,1524,874,1958,315,1,TA,NAmes,RL,144000
7,1524,1332,1979,586,0,Gd,ClearCr,RL,260000
6,1489,1489,1968,462,2,Gd,NWAmes,RL,185750
5,935,935,1965,288,1,TA,Sawyer,RL,137000
6,1357,1019,2006,312,1,Ex,Edwards,RL,177000
5,1250,661,2003,552,2,TA,Crawfor,RL,139000
5,1920,928,1950,400,2,TA,NAmes,RL,137000
6,1395,723,1972,497,1,TA,NWAmes,RL,162000
6,1724,1680,1976,480,1,TA,NWAmes,RL,197900
8,2031,1128,2002,577,2,Gd,CollgCr,RL,237000
4,1128,698,1950,528,1,TA,IDOTRR,C (all),68400
7,1573,1573,2002,544,2,Gd,CollgCr,RL,227000
7,1339,1309,1990,484,2,TA,Timber,RL,180000
5,1040,1040,2008,484,2,Gd,CollgCr,RL,150500
6,1824,912,1971,0,2,TA,Mitchel,RL,139000
6,2447,804,1990,336,2,Gd,SWISU,RL,169000
6,1412,780,1950,280,1,TA,BrkSide,RM,132500
6,1328,1328,1963,528,1,TA,NWAmes,RL,143000
5,1582,1624,1964,390,2,TA,ClearCr,RL,190000
8,1659,1501,2000,499,2,Ex,StoneBr,RL,278000
8,1970,1085,2006,753,2,Ex,NridgHt,RL,281000
5,1152,1152,1964,484,1,TA,NAmes,RL,180500
5,1302,630,1972,264,2,TA,BrDale,RM,119500
5,2372,994,1965,432,2,TA,OldTown,RM,107500
7,1664,832,1976,528,2,TA,NWAmes,RL,162900
5,864,864,1990,572,1,TA,Edwards,RL,115000
5,1052,1052,1968,288,1,TA,NAmes,RL,138500
5,1128,1120,1963,525,2,TA,NAmes,RL,155000
6,1072,547,2006,525,2,TA,Edwards,RM,140000
10,5642,6110,2008,1418,2,Ex,Edwards,RL,160000
5,1246,1246,1994,305,1,Gd,NAmes,RL,154000
7,1983,978,1999,490,2,Gd,Gilbert,RL,225000
6,1494,771,1950,213,1,Gd,Crawfor,RL,177500
8,2526,1165,1994,844,2,Gd,NoRidge,RL,290000
7,1616,1616,2005,834,2,Gd,Somerst,RL,232000
7,1708,976,2004,380,2,Gd,Edwards,RM,130000
9,1652,1652,2007,840,2,Ex,NridgHt,RL,325000
7,1368,1368,2006,474,2,Gd,NridgHt,RL,202500
5,990,990,1995,480,1,TA,CollgCr,RL,138000
5,1122,924,2005,528,1,Gd,OldTown,RM,147000
6,1294,1278,1991,496,2,Gd,SawyerW,RL,179200
7,1902,1902,2002,567,2,Ex,Crawfor,RL,335000
7,1274,1274,2007,508,2,Gd,CollgCr,RL,203000
8,2810,1453,1990,750,2,Gd,NoRidge,RL,302000
9,2599,1393,1999,779,2,Gd,NoRidge,RL,333168
4,948,948,1954,280,1,TA,Edwards,RL,119000
6,2112,952,1969,576,2,TA,NAmes,RL,206900
8,1630,1622,2008,860,2,Ex,CollgCr,RL,295493
7,1352,1352,2007,466,2,Gd,Somerst,FV,208900
8,1787,1753,2002,748,2,Gd,CollgCr,RL,275000
4,948,864,1954,248,1,TA,Edwards,RL,111000
6,1478,1478,1957,442,1,TA,NAmes,RL,156500
3,720,0,1950,287,1,TA,BrkSide,RL,72500
7,1923,750,1992,564,2,Gd,NoRidge,RL,190000
4,708,420,1950,0,1,Fa,BrkSide,RL,82500
8,1795,1795,2007,895,2,Gd,Somerst,RL,147000
4,796,796,1950,0,1,TA,IDOTRR,RM,55000
3,774,544,2006,0,1,Gd,Edwards,RH,79000
5,816,816,2008,264,1,Gd,Mitchel,RL,130500
6,2792,1510,1950,520,2,TA,OldTown,RM,256000
7,1632,935,1998,462,2,TA,Gilbert,RL,176500
8,1588,1588,2006,825,2,Gd,Somerst,RL,227000
5,954,911,1976,576,1,TA,CollgCr,RL,132500
4,816,816,1958,288,1,TA,Edwards,RL,100000
5,1360,803,1995,297,1,Gd,IDOTRR,RM,125500
5,1365,765,1970,440,1,TA,BrDale,RM,125000
6,1334,1350,1977,630,2,TA,NWAmes,RL,167900
5,1656,1656,1973,506,2,TA,NWAmes,RL,135000
4,693,693,1950,0,1,Fa,OldTown,RM,52500
7,1861,916,2002,492,2,Gd,CollgCr,RL,200000
5,864,864,1972,288,1,TA,CollgCr,RL,128500
4,872,858,1971,480,1,TA,NAmes,RL,123000
6,1114,1114,2004,576,1,Gd,SawyerW,RL,155000
8,2169,1284,2002,647,2,Gd,CollgCr,RL,228500
6,1913,896,1950,342,1,TA,Crawfor,RL,177000
7,1456,728,2006,440,2,Gd,CollgCr,RL,155835
4,960,960,1950,308,1,Fa,OldTown,RM,108500
7,2156,1568,2003,508,2,TA,NWAmes,RL,262500
8,1776,1732,2007,712,2,Gd,Timber,RL,283463
7,1494,1482,1998,514,2,Gd,SawyerW,RL,215000
8,2358,684,1987,0,2,TA,OldTown,RM,122000
5,2634,1248,1969,968,2,TA,NAmes,RL,200000
6,1716,858,1962,490,1,TA,NAmes,RL,171000
6,1176,698,2000,624,1,TA,BrkSide,RM,134900
8,3238,2033,1996,666,2,Gd,NoRidge,RL,410000
7,1865,992,2000,839,2,Gd,CollgCr,RL,235000
7,1920,570,1992,487,3,Gd,NWAmes,RL,170000
5,892,864,1966,264,1,TA,NAmes,RL,110000
5,1078,1078,2008,500,1,TA,NAmes,RL,149900
6,1573,756,2000,440,2,Gd,Somerst,FV,177500
9,1980,1980,2005,770,2,Ex,NridgHt,RL,315000
5,2601,612,1998,621,3,TA,SWISU,RL,189000
7,1530,1530,2005,430,2,Gd,StoneBr,RL,260000
4,1738,715,2007,368,2,TA,NAmes,RL,104900
6,1412,616,2007,432,2,Gd,Gilbert,RL,156932
7,1200,600,2005,480,2,Gd,Somerst,FV,144152
7,1674,814,2000,663,2,Gd,Somerst,FV,216000
7,1790,873,1999,588,2,Gd,CollgCr,RL,193000
5,1475,757,1977,336,2,TA,MeadowV,RM,127000
6,848,848,2004,420,1,Gd,CollgCr,RM,144000
8,1668,1657,2003,502,2,Gd,CollgCr,RL,232000
4,1374,840,1950,338,1,TA,OldTown,RL,105000
6,1661,992,1996,377,1,Gd,NAmes,RL,165500
7,2097,1108,1998,583,2,Gd,CollgCr,RL,274300
10,2633,2633,2002,804,2,Ex,NoRidge,RL,466500
7,1958,1026,2005,936,2,Gd,Somerst,FV,250000
8,1571,1571,2007,722,2,Gd,Timber,RL,239000
6,790,768,1950,160,1,TA,SWISU,RL,91000
5,1604,984,1960,660,2,TA,Edwards,RL,117000
6,987,483,1973,264,1,TA,BrDale,RM,83000
5,1394,384,2007,400,2,Gd,Timber,RL,167500
3,864,864,1950,200,1,TA,Edwards,RL,58500
6,2117,1205,1970,550,2,TA,NAmes,RL,237500
7,1762,596,1950,576,1,Gd,OldTown,RM,157000
5,1416,816,2007,576,2,Gd,Sawyer,RL,112000
6,1258,560,1950,280,1,TA,Edwards,RL,105000
4,1154,796,2007,240,1,Gd,IDOTRR,RM,125500
7,2784,1392,1978,564,3,Gd,NWAmes,RL,250000
6,2526,714,1950,216,2,Gd,OldTown,RM,136000
9,1746,1746,2007,758,2,Ex,Gilbert,RL,377500
6,1218,735,1950,440,1,TA,BrkSide,RM,131000
7,1525,1525,2000,541,2,Gd,CollgCr,RL,235000
5,1584,1584,1967,792,2,TA,NAmes,RL,124000
5,900,864,1967,288,1,TA,NAmes,RL,123000
6,1912,482,2000,672,2,TA,OldTown,RM,163000
7,1500,1356,2006,648,2,Gd,Blmngtn,RL,246578
8,2482,1094,2006,642,2,Gd,Timber,RL,281213
5,1687,747,1950,572,1,TA,Timber,RL,160000
5,1513,939,2004,180,1,TA,BrkSide,RM,137500
5,1904,1208,1982,240,1,TA,NAmes,RL,138000
6,1608,976,1990,216,2,Gd,SWISU,RL,137450
6,1158,862,1950,208,1,TA,BrkSide,RM,120000
6,1593,839,2004,398,2,TA,Gilbert,RL,193000
7,1294,1286,2006,662,2,Gd,CollgCr,RL,193879
8,1464,1485,2007,754,2,Gd,Somerst,RL,282922
3,1214,672,1950,936,1,TA,OldTown,RL,105000
8,1646,1594,2005,482,2,Gd,Crawfor,RM,275000
5,768,768,2007,396,1,TA,CollgCr,RL,133000
5,833,833,1985,0,1,TA,Mitchel,RL,112000
4,1363,622,1950,528,1,TA,OldTown,RM,125500
7,2093,791,1991,542,2,TA,NWAmes,RL,215000
7,1840,944,2001,622,2,Gd,CollgCr,RL,230000
6,1668,856,2005,271,1,TA,NAmes,RL,140000
4,1040,0,1950,420,2,TA,NAmes,RL,90000
8,1844,1844,2006,620,2,Gd,SawyerW,RL,257000
6,1848,833,2000,370,1,Gd,BrkSide,RL,207000
7,1569,1386,2007,660,2,Gd,Blmngtn,RL,175900
4,2290,777,1950,560,2,TA,OldTown,RM,122500
8,2450,1284,1998,1069,2,Gd,NoRidge,RL,340000
5,1144,1144,1963,336,1,TA,NAmes,RL,124000
6,1844,1844,1969,540,2,Gd,Crawfor,RL,223000
6,1416,708,1968,776,2,TA,NWAmes,RL,179900
6,1069,1069,1977,440,2,TA,NPkVill,RL,127500
6,848,848,2003,420,1,Gd,CollgCr,RM,136500
6,2201,697,1966,432,2,Gd,Edwards,RL,274970
5,1344,1024,1983,484,1,TA,NAmes,RL,144000
6,1252,1252,1959,528,1,Gd,NAmes,RL,142000
7,2127,1223,1994,525,2,Gd,NoRidge,RL,271000
5,1558,913,1950,288,1,TA,NAmes,RL,140000
5,804,788,1992,240,1,Gd,OldTown,RM,119000
6,1440,1440,1981,467,2,Gd,NWAmes,RL,182900
5,1838,732,2005,372,2,TA,Gilbert,RL,192140
6,958,958,1976,440,2,TA,NPkVill,RL,143750
4,968,656,2007,216,2,TA,OldTown,RL,64500
6,1792,936,2000,451,2,TA,Gilbert,RL,186500
5,1126,1126,1977,484,2,TA,Mitchel,RL,160000
6,1537,1319,2005,462,1,Gd,NAmes,RL,174000
4,864,864,1971,528,1,TA,NAmes,RL,120500
8,1932,1932,2008,774,2,Ex,NridgHt,RL,394617
6,1236,912,1996,923,1,TA,OldTown,RM,149700
7,1725,539,1979,550,2,TA,NWAmes,RL,197000
6,2555,588,1994,672,2,TA,Crawfor,RL,191000
6,848,848,2004,420,1,Gd,CollgCr,RM,149300
10,2007,1017,2008,812,2,Ex,Somerst,FV,310000
6,952,952,1950,192,1,Fa,BrkSide,RL,121000
7,1422,1422,2004,626,2,Gd,CollgCr,RL,179600
6,913,814,1966,240,1,TA,Sawyer,RL,129000
5,1188,1188,1962,312,1,TA,Mitchel,RL,157900
8,2090,1220,1996,556,2,Gd,CollgCr,RL,240000
4,1346,560,2000,384,1,TA,Edwards,RL,112000
5,630,630,1970,0,1,Ex,MeadowV,RM,92000
5,1792,896,1974,0,2,TA,NAmes,RL,136000
8,1578,1573,2009,840,2,Ex,Somerst,RL,287090
5,1072,547,2005,525,1,TA,Edwards,RM,145000
5,1140,1140,2006,0,1,TA,Mitchel,RL,84500
7,1221,1221,2005,400,2,Gd,Somerst,FV,185000
6,1647,953,2000,460,2,TA,Gilbert,RL,175000
6,2073,1542,1988,500,2,TA,NWAmes,RL,210000
7,2340,1152,2006,252,2,Gd,Crawfor,RL,266500
5,1078,1078,1996,240,1,Gd,NAmes,RL,142125
5,1256,1256,1965,276,1,TA,Edwards,RL,147500
